<?xml version="1.0" encoding="UTF-8"?>
<CallRouting name="Common" releaseVersion="0.0" fileVersion="0.0"
	start="" startMode="" audioDir=""
	xmlns="http://ibm.com/ivr/framework/model"
	xmlns:xsi="http://www.w3.org/2001/XMLSchema-instance" 
	xsi:schemaLocation="http://ibm.com/ivr/framework/model IVRFramework.xsd">


    <!--  -->
	<!-- Common support to be shared by two or more callflows -->
	<!--  -->
	  
	<!-- ===================================================================================================== -->
	<Operator/>
	
		            <!-- ############################ -->
		            <!-- ############################ -->
		            <!-- ############################ -->

	
	<SubMenu name="MainMenuSelect" mode="DTMF" type="BusinessLogic"	markPosition="false">
	
		<!-- SubMenu stored in the session variable mainMenuVar -->
		<MenuDefault targetType="submenu" targetMode="DTMF" 
			         targetName="$mainMenuVar"/>
	</SubMenu>
	
		            <!-- ############################ -->
		            <!-- ############################ -->
		            <!-- ############################ -->

	
	<SubMenu name="PreviousMenuSelect" mode="DTMF" type="PromptPlay"	markPosition="false">
	
		<!-- SubMenu stored in the session variable previousMenu -->
		<MenuDefault targetType="submenu" targetMode="DTMF" 
			         targetName="$previousMenu"/>
	</SubMenu>
	

	
		            <!-- ############################ -->
		            <!-- ############################ -->
		            <!-- ############################ -->

       <SubMenu    name="GlobalPrompting" mode="DTMF"  markPosition="false"> 

		   <Audio tts="To go back to the previous menu press # To go back to the main menu press * ">
				       6000.wav
		   </Audio>
		   
		<Choice dtmf="#" targetType="submenu" targetMode="DTMF"
				targetName="$previousMenu"/> 
				                                          	                               	
		<Choice dtmf="*" targetType="submenu" targetMode="DTMF" 
				targetName="$mainMenuVar"/> 
	   </SubMenu>

		            <!-- ############################ -->
		            <!-- ############################ -->
		            <!-- ############################ -->
		
	   <SubMenu    name="90000_MaxTrials" mode="DTMF"  type="PromptPlay" markPosition="false">
	    
    	<Audio   tts="Sorry, you have exceeded the maximum number of trials">
                 5043.wav
    	</Audio>    
    	
 		<MenuDefault targetType="submenu" targetMode="DTMF" 
			         targetName="90000_CallEnd"/>
 	   
	   </SubMenu>
	
		            <!-- ############################ -->
		            <!-- ############################ -->
		            <!-- ############################ -->
	
       <SubMenu    name="ToContinueInChoice" mode="DTMF"  markPosition="false"> 
       
		   <!--  -->
		   <Audio cond="circle.toContinueChoice1 NE NULL, circle.toContinueChoice1 NE SPACECHAR"
		          tts="To Continue in LANG press 1">
				       (circle.toContinueChoice1:wavfile)
		   </Audio> 
		   
		   <!--  -->
		   <Audio cond="circle.toContinueChoice2 NE NULL, circle.toContinueChoice2 NE SPACECHAR"
		          tts="To Continue in LANG press 2">
				       (circle.toContinueChoice2:wavfile)
		   </Audio> 
		   
		   <!--  -->
		   <Audio cond="circle.toContinueChoice3 NE NULL, circle.toContinueChoice3 NE SPACECHAR"
		          tts="To Continue in LANG press 3">
				       (circle.toContinueChoice3:wavfile)
		   </Audio> 
		   
		    		   
		<Choice cond="circle.toContinueChoice1 NE NULL, circle.toContinueChoice1 NE SPACECHAR"
		        dtmf="1" targetType="submenu" targetMode="DTMF"
		        dest="LANG:$circle.toContinueChoice1Lang" 
				targetName="ToContinueInSetLang"/> 
				                                          	                               	
		<Choice cond="circle.toContinueChoice2 NE NULL, circle.toContinueChoice2 NE SPACECHAR"
		        dtmf="2" targetType="submenu" targetMode="DTMF" 
		        dest="LANG:$circle.toContinueChoice2Lang" 
				targetName="ToContinueInSetLang"/> 
				                                          	                               	
		<Choice cond="circle.toContinueChoice3 NE NULL, circle.toContinueChoice3 NE SPACECHAR"
		        dtmf="3" targetType="submenu" targetMode="DTMF"
		        dest="LANG:$circle.toContinueChoice3Lang"  
				targetName="ToContinueInSetLang"/> 

		<!-- Added the catch of * # 9 and treat as NoMatch NoInput.  Result is the call coninues in default Language -->                                       	                               	
		<Choice dtmf="9" 
		        targetType="submenu" targetMode="DTMF"
		        dest="invIpt:true"
				targetName="ToContinueInChoiceCount"/> 
				                                          	                               	
		<Choice dtmf="*" 
		        targetType="submenu" targetMode="DTMF"
		        dest="invIpt:true"
				targetName="ToContinueInChoiceCount"/> 
				                                          	                               	
		<Choice dtmf="#" 
		        targetType="submenu" targetMode="DTMF"
		        dest="invIpt:true"
				targetName="ToContinueInChoiceCount"/> 

				
         <NoInput count="1"  targetType="submenu" targetMode="DTMF" dest="invIpt:false" targetName="ToContinueInChoiceCount">
          </NoInput>
         
         <NoMatch count="1"  targetType="submenu" targetMode="DTMF" dest="invIpt:true" targetName="ToContinueInChoiceCount">
         </NoMatch>

	   </SubMenu>
	   		            <!-- ############################ -->
	
	<SubMenu name="ToContinueInChoiceCount" mode="DTMF" type="BusinessLogic"	markPosition="false">
	
		<MenuDefault cond="ifChoiceCount EQ 0"
		             dest="ifChoiceCount:1"
		             targetType="submenu" targetMode="DTMF" 
			         targetName="ToContinueInChoiceCountAudio"/>
			         	
		<MenuDefault cond="ifChoiceCount EQ 1"
		             dest="ifChoiceCount:2"
		             targetType="submenu" targetMode="DTMF" 
			         targetName="ToContinueInChoiceCountAudio"/>
	
		<MenuDefault targetType="submenu" targetMode="DTMF" 
		             dest="LANG:$circle.defaultLanguage"
			         targetName="ToContinueInSetLang"/>
			         
	</SubMenu>
		            <!-- ############################ -->
		            
	<SubMenu name="ToContinueInChoiceCountAudio" mode="DTMF" type="PromptPlay"	markPosition="false">
	
    	<Audio   cond="invIpt EQ true"
    	         tts="Sorry that was an invalid entry. Please try again">
                 5270.wav
    	</Audio>    
	
    	<Audio   cond="invIpt NE true"
    	         tts="Please provide an input">
                 5269.wav
    	</Audio>    
    	
 		<MenuDefault targetType="submenu" targetMode="DTMF"
			         targetName="ToContinueInChoice"/>
			         
	</SubMenu>
	   
                            <!-- ============ -->
                            
	<SubMenu name="ToContinueInSetLang" mode="DTMF" type="BusinessLogic"	markPosition="false">
	
	    <!-- See if wee need to get the audio language path form the "localLang property  -->
		<MenuDefault cond="LANG NE HIN, LANG NE ENG"
		             targetType="submenu" targetMode="DTMF" 
		             dest="LANG:$circle.localLanguage"
			         targetName="ToContinueInSetAudioLang"/>
			         
		<MenuDefault targetType="submenu" targetMode="DTMF" 
			         targetName="ToContinueInSetAudioLang"/>
			         
	</SubMenu>
	
                            <!-- ============ -->
                            
	<SubMenu name="ToContinueInSetAudioLang" mode="DTMF" type="BusinessLogic"	markPosition="false">
	
	    <!-- This handler call will set the audio path used for the calls audio -->
		<MenuDefault targetType="submenu" targetMode="DTMF" 
		             handler="com.selfserv.ivr.handler.SetLang"
			         targetName="$toContinueInNextSubMenu"/>
	</SubMenu>
	
		            <!-- ############################ -->
		            <!-- ############################ -->
		            <!-- ############################ -->
	<SubMenu name="ToSetLangChoiceInit" mode="DTMF" type="BusinessLogic" set="setLangChoiceCount:0" markPosition="false">
	
	    <!-- Counters have been initialized upon entry -->
		<MenuDefault targetType="submenu" targetMode="DTMF" 
			         targetName="ToSetLangChoice"/>
	</SubMenu>
	
                            <!-- ============ --> 
                
       <!-- Will set the session variable dbLang when a successful choice has been made --> 
       <!-- -->
       <!-- -->           	
       <SubMenu    name="ToSetLangChoice" mode="DTMF"  markPosition="false"> 
       
		   <!--  -->
		   <Audio cond="circle.toSetChoice1 NE NULL, circle.toSetChoice1 NE SPACECHAR"
		          tts="To set Language as your preferred language press 1">
				       (circle.toSetChoice1:wavfile)
		   </Audio> 
		   
		   <!--  -->
		   <Audio cond="circle.toSetChoice2 NE NULL, circle.toSetChoice2 NE SPACECHAR"
		          tts="To set Language as your preferred language press 2">
				       (circle.toSetChoice2:wavfile)
		   </Audio> 
		   
		   <!--  -->
		   <Audio cond="circle.toSetChoice3 NE NULL, circle.toSetChoice3 NE SPACECHAR"
		          tts="To set Language as your preferred language press 3">
				       (circle.toSetChoice3:wavfile)
		   </Audio> 
		   
		   <Audio
			tts="To go back to previous menu press hash
				Press star to go to the Main menu">	
				6000.wav	
			</Audio>
		   
		    		   
		<Choice cond="circle.toSetChoice1 NE NULL, circle.toSetChoice1 NE SPACECHAR"
		        dtmf="1" targetType="submenu" targetMode="DTMF"
		        dest="dbLang:$circle.toSetChoice1Lang" 
				targetName="ToSetLangChoiceConfirm"/> 
				                                          	                               	
		<Choice cond="circle.toSetChoice2 NE NULL, circle.toSetChoice2 NE SPACECHAR"
		        dtmf="2" targetType="submenu" targetMode="DTMF" 
		        dest="dbLang:$circle.toSetChoice2Lang" 
				targetName="ToSetLangChoiceConfirm"/> 
				                                          	                               	
		<Choice cond="circle.toSetChoice3 NE NULL, circle.toSetChoice3 NE SPACECHAR"
		        dtmf="3" targetType="submenu" targetMode="DTMF"
		        dest="dbLang:$circle.toSetChoice3Lang"  
				targetName="ToSetLangChoiceConfirm"/> 
				
         <NoInput count="1"  targetType="submenu" targetMode="DTMF" targetName="CheckSetLangChoiceCount" >
          </NoInput>
         
         <NoMatch count="1"  targetType="submenu" targetMode="DTMF" targetName="CheckSetLangChoiceCount" >
         </NoMatch>

	   </SubMenu>
	
                            <!-- ============ -->
                            
	<SubMenu name="CheckSetLangChoiceCount" mode="DTMF" type="BusinessLogic"	markPosition="false">
	
		<MenuDefault cond="setLangChoiceCount EQ 0"
		             dest="setLangChoiceCount:1"
		             targetType="submenu" targetMode="DTMF" 
			         targetName="ToSetLangChoice"/>
			         
		<MenuDefault cond="setLangChoiceCount EQ 1"
		             dest="setLangChoiceCount:2"
		             targetType="submenu" targetMode="DTMF" 
			         targetName="ToSetLangChoice"/>
	
		<MenuDefault cond="mobileNumCount EQ 2"
		             targetType="submenu" targetMode="DTMF" 
			         targetName="CheckSetLangChoiceCountExceeded"/>
			         
	</SubMenu>
		
                            <!-- ============ -->
	
       <SubMenu    name="ToSetLangChoiceConfirm" mode="DTMF"  markPosition="false"> 

		   <Audio tts="To Confirm Press 1
		               To Cancel Press 2 ">
				       5288.wav
				       5289.wav
		   </Audio>
		   
		   <Audio 
			tts="To go back to previous menu press hash
				Press star to go to the Main menu">	
				6000.wav	
			</Audio>
		   
		<!-- Need Handler Name From Chip that will set the preferred language -->
		<Choice dtmf="1" targetType="submenu" targetMode="DTMF"
		        handler="com.selfserv.ivr.handler.LanguagePreference"
				targetName="ToSetLangChoiceCheckRc"/> 
				                                          	                               	
		<Choice dtmf="2" targetType="submenu" targetMode="DTMF" 
				targetName="CheckSetLangChoiceCount"/> 
	   </SubMenu>
		
                            <!-- ============ -->
                            
	<SubMenu name="ToSetLangChoiceCheckRc" mode="DTMF" type="BusinessLogic"	markPosition="false">
	
		<MenuDefault cond="DBRC EQ S"
		             targetType="submenu" targetMode="DTMF"
			         targetName="ToSetLangUpdateAudioPath"/>	
			         
		<!--  DataBase Link(s) are down -->
		<MenuDefault targetType="submenu" targetMode="DTMF" 
			         targetName="PlaySetLangFailure"/>
			         
	</SubMenu>
	
	<!-- ############################ -->
	
	<!-- Sibyl 07/31/2008 - added these 2 submenus - per Pradeep's req to continue if setLanf Failes-->
	<SubMenu    name="PlaySetLangFailure" mode="DTMF" type="PromptPlay" markPosition="false"> 
		
		<Audio  tts="Sorry we are unable to process your request now.">
				5253.wav
		</Audio>	
		   
		<MenuDefault  targetType="submenu" targetMode="DTMF" 
		    targetName="ToSetLangUpdateAudioPath_fail"/>
  	</SubMenu>	
  	
	<SubMenu    name="ToSetLangUpdateAudioPath_fail" type="BusinessLogic"	mode="DTMF"  markPosition="false"> 
	    <!--  -->
		<MenuDefault cond="dbLang EQ HIN"
		             targetType="submenu" targetMode="DTMF" 
		             dest="LANG:$dbLang"
		             handler="com.selfserv.ivr.handler.SetLang"
			         targetName="GlobalPrompting"/>
	    <!--  -->
		<MenuDefault cond="dbLang EQ ENG"
		             targetType="submenu" targetMode="DTMF" 
		             dest="LANG:$dbLang"
		             handler="com.selfserv.ivr.handler.SetLang"
			         targetName="GlobalPrompting"/>
			         
		<MenuDefault targetType="submenu" targetMode="DTMF" 
		             dest="LANG:$circle.localLanguage"
		             handler="com.selfserv.ivr.handler.SetLang"
			         targetName="GlobalPrompting"/>
	</SubMenu>
	   
    <!-- ############################ -->
	
	
                            <!-- ============ -->
	
       <SubMenu    name="ToSetLangUpdateAudioPath" type="BusinessLogic"	mode="DTMF"  markPosition="false"> 
	    <!--  -->
		<MenuDefault cond="dbLang EQ HIN"
		             targetType="submenu" targetMode="DTMF" 
		             dest="LANG:$dbLang"
		             handler="com.selfserv.ivr.handler.SetLang"
			         targetName="CheckSetLangChoiceComplete"/>
	    <!--  -->
		<MenuDefault cond="dbLang EQ ENG"
		             targetType="submenu" targetMode="DTMF" 
		             dest="LANG:$dbLang"
		             handler="com.selfserv.ivr.handler.SetLang"
			         targetName="CheckSetLangChoiceComplete"/>
			         
		<MenuDefault targetType="submenu" targetMode="DTMF" 
		             dest="LANG:$circle.localLanguage"
		             handler="com.selfserv.ivr.handler.SetLang"
			         targetName="CheckSetLangChoiceComplete"/>

	   </SubMenu>
	   
                            <!-- ============ -->
                            	
	<SubMenu name="CheckSetLangChoiceComplete" mode="DTMF" type="PromptPlay"	markPosition="false">
	
		   <Audio tts=" LOCAL Language has been set as your preferred language">
		               LOCAL.wav
				       5176.wav
		   </Audio>
			         
	
		<MenuDefault targetType="submenu" targetMode="DTMF" 
			         targetName="GlobalPrompting"/>
			         
	</SubMenu>
	
                            <!-- ============ -->
                            	
	<SubMenu name="CheckSetLangChoiceCountExceeded" mode="DTMF" type="PromptPlay"	markPosition="false">
	
		   <Audio tts="Sorry, you have exceeded the maximum number of trials">
				       5012-Main.wav
		   </Audio>
			         
	
		<MenuDefault targetType="submenu" targetMode="DTMF" 
			         targetName="GlobalPrompting"/>
			         
	</SubMenu>
	
		            <!-- ############################ -->
		            <!-- ############################ -->
		            <!-- ############################ -->
		
	   <!--  -->
	   <SubMenu    name="90000_CallTransfer" mode="DTMF"  type="BusinessLogic" markPosition="false"> 
 		<!-- Xfer Caller -->
		<MenuDefault cond="customer.callerFound EQ Y"
		             targetType="submenu" targetMode="DTMF" 
		             targetName="90000_CallTransferNow"/>

    	   
 		<!-- Xfer Caller -->
		<MenuDefault targetType="submenu" targetMode="DTMF" 
			         targetName="90000_CallTransferNow"/>
 	   
	   </SubMenu>
	   
	   <!--  
	   <SubMenu    name="90000_CallTransferBump" mode="DTMF"  type="BusinessLogic" markPosition="false"> 
 		
		<MenuDefault targetType="submenu" targetMode="DTMF" 
		             handler="com.selfserv.ivr.handler.CheckBarred"
		             dest="barredCmd:increment"
			         targetName="90000_CallTransferNow"/>

	   </SubMenu>
	   -->
	   
	   <!--  -->	   
	   <SubMenu    name="90000_CallTransferNow" mode="DTMF"  type="BusinessLogic" set="VDNsave:$VDN" markPosition="false"> 
	   
		<MenuDefault cond="customer.tran_type NE NULL"
		             targetType="submenu" targetMode="DTMF" 
		             handler="com.selfserv.ivr.handler.VDN"
			         targetName="90000_CallTransferNowCheckRC"/>
	   
		<MenuDefault targetType="submenu" targetMode="DTMF" 
			         targetName="90000_CallTransferFinal"/>
  	  	   
	   </SubMenu>
	   
	   <!--   -->
	   <SubMenu    name="90000_CallTransferNowCheckRC" mode="DTMF"  type="BusinessLogic"  markPosition="false"> 
	   
	    <!-- Mirt:  Removed    ctiVDN:$VDNsave -->
		<MenuDefault cond="DBRC NE S"
		             targetType="submenu" targetMode="DTMF" 
		             dest="VDN:$VDNsave"
			         targetName="90000_CallTransferFinal"/>
	   
	    <!-- Mirt:  Removed    dest="ctiVDN:$VDN" -->
		<MenuDefault targetType="submenu" targetMode="DTMF" 		             
			         targetName="90000_CallTransferFinal"/>
  	   
	   </SubMenu>
	   
	   <!--  -->	   
	   <SubMenu    name="90000_CallTransferFinal" mode="DTMF"  type="PromptPlay" markPosition="false"> 
	   
    	<Audio   tts="Please wait while your call is being transferred to a CCE">
                 5254.wav
    	</Audio>  
    	  
  		<!-- Xfer Caller -->
		<MenuDefault targetType="agent" targetMode="DTMF" destType="$VDN"/>
 	   
	   </SubMenu>
	
		            <!-- ############################ -->
		            <!-- ############################ -->
		            <!-- ############################ -->
		
	   <SubMenu    name="90000_CallEnd" mode="DTMF"  type="PromptPlay" markPosition="false" endCall="true"> 
    	<Audio   tts="Thank You for calling Vodafone Care">
                 5301.wav
    	</Audio>    
 	   
	   </SubMenu>

		            <!-- ############################ -->
		            <!-- ############################ -->
		            <!-- ############################ -->
		
	   <SubMenu    name="90000_TechDiff" mode="DTMF"  type="PromptPlay" markPosition="false"> 
    	<Audio   tts="Sorry we are unable to process your request now">
                 5253.wav
    	</Audio>
    	    
 		<!-- Xfer Caller -->
		<MenuDefault targetType="submenu" targetMode="DTMF" 
			         targetName="90000_CCECheckForCharge"/>
 	   
	   </SubMenu>
	   
		            <!-- ############################ -->
		            <!-- ############################ -->
		            <!-- ############################ -->
	   <!-- Used to play tech diff msg to the caller then go to Global Prompting -->	
	   <SubMenu    name="90000_TechDiffGlobal" mode="DTMF"  type="PromptPlay" markPosition="false"> 
    	<Audio   tts="Sorry we are unable to process your request now">
                 5253.wav
    	</Audio>
    	    
 		<!-- Xfer Caller -->
		<MenuDefault targetType="submenu" targetMode="DTMF" 
			         targetName="GlobalPrompting"/>
 	   
	   </SubMenu>
	   
		            <!-- ############################ -->
		            <!-- ############################ -->
		            <!-- ############################ -->
	
	<SubMenu name="90000_CCEStart" mode="DTMF" type="BusinessLogic"	markPosition="false">
	
		<!-- ISSUE:  Need to get database handler name from Chip.   -->
		<!--         In this handler will have Chip compare DataBase Barred count to circle.maxTransfer. -->
		<!--         Chip will add a String barred variable to Customer class.    -->
		<!--         If the DB barred flag is on then Chip will set the  customer.barred  to true -->
		<!--         Else -->
		<!--         Check if DB barred count against circle.maxTransfer -->
		<!--         If DB barred count is GE circle.maxTransfer then set customer.barred to true -->
		<!--         If DB barred count is NOT GE circle.maxTransfer then set customer.barred to false, Increment DB barred count and update coiunt to the DB -->

		<MenuDefault cond="customer.callerFound EQ Y"
		             targetType="submenu" targetMode="DTMF" 
		             handler="com.selfserv.ivr.handler.CheckBarred"
		             dest="barredCmd:lookup"
			         targetName="90000_CCECheckBarredRc"/>
			         
		<!--  If the customer account was not found then skip DB and Charge Check    -->
		<!--     Check with Pradeep/India if we should execute charge logic since it is circle based.  This can only -->
		<!--     be done if the IVR is not responsible for any DB update if the caller accepts the Xfer Fee.  If the IVR -->
		<!--     is suppose to execute a DB update then we would need to be able to resolve the customer account -->
		
		<MenuDefault targetType="submenu" targetMode="DTMF" 
			         targetName="90000_CCECheckForCharge"/>
			         
	</SubMenu>
	
	                     <!-- ============ -->
	
	<SubMenu name="90000_CCECheckBarredRc" mode="DTMF" type="BusinessLogic"	markPosition="false">
	
		<!--    -->
		<MenuDefault cond="DBRC EQ S"
		             targetType="submenu" targetMode="DTMF" 
			         targetName="90000_CCECheckBarredCount"/>
			         
		<!-- If DBRC is other than Success then skip Barred logic and move to check for xfer charge.   -->
		<MenuDefault targetType="submenu" targetMode="DTMF" 
			         targetName="90000_CCECheckForCharge"/>
			         
	</SubMenu>
	
	                     <!-- ============ -->
	
	<SubMenu name="90000_CCECheckBarredCount" mode="DTMF" type="BusinessLogic"	markPosition="false">
	
		<!-- ISSUE:  Confirm barred logic with Chipo in his handler.     -->
		<MenuDefault cond="customer.barredFlag EQ Y"
		             targetType="submenu" targetMode="DTMF" 
			         targetName="$mainMenuVar"/>
			         
		<!--    -->
		<MenuDefault targetType="submenu" targetMode="DTMF" 
			         targetName="90000_CCECheckForCharge"/>
			         
	</SubMenu>
	
	                     <!-- ============ -->
	
	<SubMenu name="90000_CCECheckForCharge" mode="DTMF" type="BusinessLogic"	markPosition="false">
	
		<!-- If charge is active and caller is PREPAID   -->
		<MenuDefault cond="circle.transferCharge EQ Y, customer.dbCType EQ PREPAID"
		             targetType="submenu" targetMode="DTMF" 
			         targetName="90000_CCECharge"/>
			         
		<!--     -->
		<MenuDefault targetType="submenu" targetMode="DTMF" 
			         targetName="90000_CallTransfer"/>
			         
	</SubMenu>
	
	                     <!-- ============ -->
	
	<SubMenu name="90000_CCECharge" mode="DTMF" markPosition="false">
	
		<!-- ISSUE:  Missing 3 Audio(s).  Record for each Language.  Ask Sibyl to add to missing audio doc   -->
		<!-- ISSUE:  Do we need to perform any DB activity for the Xfer charge when the caller agrees to the charge -->
		   <Audio tts="If you want to speak with our Vodafone care executive you will be charged .50 paise per call.
		               Press 1 if you wish to continue
		               Press 2 to go to the Main Menu">
				       5500-Main.wav
		   </Audio>
		   
		<Choice dtmf="1" targetType="submenu" targetMode="DTMF"
				targetName="90000_CallTransferNow"/> 
		<Choice dtmf="2" targetType="submenu" targetMode="DTMF"
				targetName="MainMenuSelect"/> 

        <!--  * to return to the MainMenu is supported here thru global support -->				                                          	                               	
			         
	</SubMenu>
		    
		            <!-- ############################ -->
		            <!-- ############################ -->
		            <!-- ############################ -->

	<SubMenu name="90000_IVRDBLINKDOWN" mode="DTMF" type="BusinessLogic"	markPosition="false">
	
		<!-- SubMenu stored in the session variable mainMenuVar -->
		<MenuDefault targetType="submenu" targetMode="DTMF" 
			         targetName="90000_TechDiff"/>
	</SubMenu>
	
		            <!-- ############################ -->
		            <!-- ############################ -->
		            <!-- ############################ -->
                            
	<SubMenu name="SetOptionFlag" mode="DTMF" type="BusinessLogic"	markPosition="false">
	
	    <!--  -->
		<MenuDefault cond="customer.inroamerFlag EQ N, customer.callerFound EQ Y"
		             targetType="submenu" targetMode="DTMF" 
		             dest="optionFlag:all"
			         targetName="$setOptionFlagNextSubMenu"/>
			         
		<MenuDefault cond="customer.inroamerFlag EQ Y, customer.callerFound EQ Y"
		             targetType="submenu" targetMode="DTMF" 
		             dest="optionFlag:roamerFound"
			         targetName="$setOptionFlagNextSubMenu"/>
			         
		<MenuDefault targetType="submenu" targetMode="DTMF" 
		             dest="optionFlag:custNotFound"
			         targetName="$setOptionFlagNextSubMenu"/>
			         
	</SubMenu>

                            <!-- ============ -->
                            
                            	
	
	<!-- ############################ -->
	<!-- ############################ -->
	<!-- ############################ -->
	
	<SubMenu name="CheckForQueryComplaintMenuPost" mode="DTMF" type="BusinessLogic"	markPosition="false">	

    	<MenuDefault cond="circle.complaintMenuActivePost EQ Y"
					 targetType="submenu" targetMode="DTMF" 
			         targetName="$compliantNextSubMenu"/>
			         
		<MenuDefault 
					 targetType="submenu" targetMode="DTMF" 
			         targetName="$queryNextSubMenu"/>	
	</SubMenu>	
	
	
	<SubMenu name="CheckForQueryComplaintMenuPre" mode="DTMF" type="BusinessLogic"	markPosition="false">	

    	<MenuDefault cond="circle.complaintMenuActivePre EQ Y"
					 targetType="submenu" targetMode="DTMF" 
			         targetName="$compliantNextSubMenu"/>
			         
		<MenuDefault 
					 targetType="submenu" targetMode="DTMF" 
			         targetName="$queryNextSubMenu"/>	
	</SubMenu>	
	
	
	
	<!-- ############################ -->
	<!-- ############################ -->
	<!-- ############################ -->

	<SubMenu name="PrePaidComplaintMenu" mode="DTMF"   markPosition="false" 
 					set="previousMenu:PrePaidComplaintMenu;
 						 mainMenuVar:PrePaidComplaintMenu">        
		<Audio
			tts="For Queries and Requests press 1
				For Compliant press 2">
			11001x.wav 11002x.wav
		</Audio>
		
		<Choice dtmf="1" targetType="submenu" targetMode="DTMF"
			    targetName="$queryNextSubMenu"/>

		<Choice dtmf="2" targetType="submenu" targetMode="DTMF"
			    targetName="PrePaidComplaintMainMenu"/>
						
	</SubMenu>
	<!-- ############################ -->
	<!-- ############################ -->
	<!-- ############################ -->
		
 	<SubMenu name="PrePaidComplaintMainMenu" mode="DTMF"   markPosition="true"
 						set="previousMenu:PrePaidComplaintMainMenu;
 						 mainMenuVar:PrePaidComplaintMainMenu">     
      
		<Audio
			tts="For Balance and Recharge press 1
				For VAS and Handset press 2
				For roaming press 3
				For Network feedback press 4
				For other press 5">
				11008x.wav 11009x.wav 11010x.wav 11011x.wav 11012x.wav
		</Audio>
		
		<Choice dtmf="1" targetType="submenu" targetMode="DTMF"		  
		    	targetName="ComplaintFinal"/>

		<Choice dtmf="2" targetType="submenu" targetMode="DTMF"
			    targetName="ComplaintFinal"/>
			
		<Choice dtmf="3" targetType="submenu" targetMode="DTMF"
			    targetName="ComplaintFinal"/>

		<Choice dtmf="4" targetType="submenu" targetMode="DTMF"
			    targetName="ComplaintFinal"/>

		<Choice dtmf="5" targetType="submenu" targetMode="DTMF"
			    targetName="ComplaintFinal"/>						
	</SubMenu>
	
	<!-- ############################ -->
	<!-- ############################ -->
	<!-- ############################ -->
	
	<!-- ############################ -->
	<!-- ############################ -->
	<!-- ############################ -->


	<!--  same logic as Prepaid - but goes to PostPaidComplaintMenu  -->
	<SubMenu name="PostPaidComplaintMenu" mode="DTMF"   markPosition="false" 
 					set="previousMenu:PostPaidComplaintMenu;
 						 mainMenuVar:PostPaidComplaintMenu">
 						 
		<Audio
			tts="For Queries and Requests press 1
				For Compliant press 2">
			11001x.wav 11002x.wav
		</Audio>
		
		<Choice dtmf="1" targetType="submenu" targetMode="DTMF"  
			    targetName="$queryNextSubMenu"/>

		<Choice dtmf="2" targetType="submenu" targetMode="DTMF"
			    targetName="PostPaidComplaintMainMenu"/>
						
	</SubMenu>
	<!-- ############################ -->
	<!-- ############################ -->
	<!-- ############################ -->
	
	<!--  looks like Prepaid - but uses different audio files  -->	
 	<SubMenu name="PostPaidComplaintMainMenu" mode="DTMF"   markPosition="true"  
 					set="previousMenu:PostPaidComplaintMainMenu;
 						 mainMenuVar:PostPaidComplaintMainMenu">           
		<Audio
			tts="For Balance press 1
				For VAS and Handset press 2
				For roaming press 3
				For Network feedback press 4
				For other press 5">
				11003x.wav 11004x.wav 11005x.wav 11006x.wav 11007x.wav
		</Audio>
		
		<Choice dtmf="1" targetType="submenu" targetMode="DTMF"  
	         	dest="customer.tran_type:C_POST_BILL"
			    targetName="ComplaintFinal"/>

		<Choice dtmf="2" targetType="submenu" targetMode="DTMF"
                dest="customer.tran_type:C_POST_VAS"
			    targetName="ComplaintFinal"/>
			
		<Choice dtmf="3" targetType="submenu" targetMode="DTMF"
                dest="customer.tran_type:C_POST_ROAM"
			targetName="ComplaintFinal"/>

		<Choice dtmf="4" targetType="submenu" targetMode="DTMF"
                dest="customer.tran_type:C_POST_NETWORK"
			    targetName="ComplaintFinal"/>

		<Choice dtmf="5" targetType="submenu" targetMode="DTMF"
                dest="customer.tran_type:C_POST_OTHERS"
			    targetName="ComplaintFinal"/>						
	</SubMenu>
	
	<!-- ############################ -->
	<!-- ############################ -->
	<!-- ############################ -->

	<!-- ############################ -->
	<!-- ############################ -->
	<!-- ############################ -->
	<SubMenu name="ComplaintFinal" mode="DTMF" type="BusinessLogic"	set="complaintCall:true" markPosition="false">	

		<MenuDefault 
					 targetType="submenu" targetMode="DTMF" 
			         targetName="90000_CCEStart"/>	
	</SubMenu>	
		

</CallRouting>