<?xml version="1.0" encoding="UTF-8"?>
<CallRouting name="LandLineStart" releaseVersion="0.0" fileVersion="0.0"
	start="" startMode="" audioDir=""
	xmlns="http://ibm.com/ivr/framework/model"
	xmlns:xsi="http://www.w3.org/2001/XMLSchema-instance" 
	xsi:schemaLocation="http://ibm.com/ivr/framework/model IVRFramework.xsd">

    <!--  -->
	<!-- Starting point for Land Line Callflow -->
	<!--  -->
	  
	<Operator/>
	

		            <!-- ############################ -->
		            <!-- ############################ -->
		            <!-- ############################ -->

       <SubMenu    name="50000_LandLineStart" mode="DTMF"  type="BusinessLogic" markPosition="true" 
                                                     set="ifCustCount:0;
                                                          mobileInvCount:0;
                                                          mobileCollectCount:0"> 
		<MenuDefault targetType="submenu" targetMode="DTMF" 
		             dest="toContinueInNextSubMenu:50000_AreYouCust"
			         targetName="ToContinueInChoice"/>

	   </SubMenu>
	    
		            <!-- ############################ -->
		            <!-- ############################ -->
		            <!-- ############################ -->
	
       <SubMenu    name="50000_AreYouCust" mode="DTMF"  markPosition="false"> 

		   <Audio tts="If you are a Vodafone customer press 1, Else press 2">
				       5248.wav
		   </Audio>
		   
		<Choice dtmf="1" targetType="submenu" targetMode="DTMF"
		        dest="mobileNumCount:0;
		              mobileAudioToPlay:5330"
				targetName="50000_EntrerMobileNumber"/> 
				                                          	                               	
		<Choice dtmf="2" targetType="submenu" targetMode="DTMF" 
				targetName="70000_NonCustStart"/> 
				
		<!-- Added the catch of * # 9 and treat as NoMatch NoInput.  These options are not allowed here.  -->                                       	                               	
		<Choice dtmf="9" 
		        targetType="submenu" targetMode="DTMF"
		        dest="invIpt:true"
				targetName="50000_CheckIfCustCount"/> 
				                                          	                               	
		<Choice dtmf="*" 
		        targetType="submenu" targetMode="DTMF"
		        dest="invIpt:true"
				targetName="50000_CheckIfCustCount"/> 
				                                          	                               	
		<Choice dtmf="#" 
		        targetType="submenu" targetMode="DTMF"
		        dest="invIpt:true"
				targetName="50000_CheckIfCustCount"/> 
				
          <NoInput count="1"  
                   targetType="submenu" targetMode="DTMF"
                   dest="invIpt:false"
                   targetName="50000_CheckIfCustCount"> 
          </NoInput>
          
          <NoMatch count="1"  
                   targetType="submenu" targetMode="DTMF"
                   dest="invIpt:true" 
                   targetName="50000_CheckIfCustCount"> 
          </NoMatch>
				
	   </SubMenu>
		            <!-- ############################ -->
	
	<SubMenu name="50000_CheckIfCustCount" mode="DTMF" type="BusinessLogic"	markPosition="false">
	
		<MenuDefault cond="ifCustCount EQ 0"
		             dest="ifCustCount:1"
		             targetType="submenu" targetMode="DTMF" 
			         targetName="50000_CheckIfCustCountAudio"/>
			         
	
		<MenuDefault cond="ifCustCount EQ 1"
		             targetType="submenu" targetMode="DTMF" 
			         targetName="90000_MaxTrials"/>
			         
	</SubMenu>
		            <!-- ############################ -->
	<SubMenu name="50000_CheckIfCustCountAudio" mode="DTMF" type="PromptPlay"	markPosition="false">
	
    	<Audio   cond="invIpt EQ true"
    	         tts="Sorry that was an invalid entry. Please try again">
                 5270.wav
    	</Audio>    
	
    	<Audio   cond="invIpt NE true"
    	         tts="Please provide an input">
                 5269.wav
    	</Audio>    
    	
 		<MenuDefault targetType="submenu" targetMode="DTMF"
			         targetName="50000_AreYouCust"/>
			         
	</SubMenu>
	   	   
		            <!-- ############################ -->
		            <!-- ############################ -->
		            <!-- ############################ -->
	
       <SubMenu    name="50000_EntrerMobileNumber" mode="DTMF"  markPosition="false" vxml="interdigittimeout:3s"> 

 		   <Audio tts="Please enter your 10-digit Vodafone mobile number">
				       (mobileAudioToPlay:wavfile)
		   </Audio>
		   
		  <Grammar>digits10.grxml</Grammar>
	
		  <Choice dtmf="@digits10" targetType="submenu" 
			      dest="mobileNumber:$digits10" 
		          targetName="50000_EnterMobileNumberConfirm"/>
		          
		<!-- Added the catch of * # 9 and treat as NoMatch NoInput.  These options are not allowed here.  -->                                       	                               	
		  <Choice dtmf="9" 
		          targetType="submenu" targetMode="DTMF"
		          dest="invIpt:true"
			      targetName="50000_CheckMobileCollectCount"/> 
				                                          	                               	
		  <Choice dtmf="*" 
		          targetType="submenu" targetMode="DTMF"
		          dest="invIpt:true"
			      targetName="50000_CheckMobileCollectCount"/> 
				                                          	                               	
		  <Choice dtmf="#" 
		          targetType="submenu" targetMode="DTMF"
		          dest="invIpt:true"
			      targetName="50000_CheckMobileCollectCount"/> 

		          
          <NoInput count="1"  targetType="submenu" dest="invIpt:false" targetMode="DTMF" targetName="50000_CheckMobileCollectCount"> </NoInput>
          <NoMatch count="1"  targetType="submenu" dest="invIpt:true" targetMode="DTMF" targetName="50000_CheckMobileCollectCount"> </NoMatch>
 
	   </SubMenu>
	   
		            <!-- ############################ -->
	
	<SubMenu name="50000_CheckMobileCollectCount" mode="DTMF" type="BusinessLogic"	markPosition="false">
	
		<MenuDefault cond="mobileCollectCount EQ 0"
		             dest="mobileCollectCount:1"
		             targetType="submenu" targetMode="DTMF" 
			         targetName="50000_CheckMobileCollectCountAudio"/>
			         
	
		<MenuDefault cond="mobileCollectCount EQ 1"
		             targetType="submenu" targetMode="DTMF" 
			         targetName="90000_MaxTrials"/>
			         
	</SubMenu>
		            <!-- ############################ -->
	<SubMenu name="50000_CheckMobileCollectCountAudio" mode="DTMF" type="PromptPlay"	markPosition="false">
	
    	<Audio   cond="invIpt EQ true"
    	         tts="Sorry that was an invalid entry. Please try again">
                 5270.wav
    	</Audio>    
	
    	<Audio   cond="invIpt NE true"
    	         tts="Please provide an input">
                 5269.wav
    	</Audio>    
    	
 		<MenuDefault targetType="submenu" targetMode="DTMF"
			         targetName="50000_EntrerMobileNumber"/>
			         
	</SubMenu>
	   
		            <!-- ############################ -->
	
	<SubMenu name="50000_CheckMobileNumCount" mode="DTMF" type="BusinessLogic"	markPosition="false">
	
		<MenuDefault cond="mobileNumCount EQ 0"
		             dest="mobileNumCount:1;
		                   mobileAudioToPlay:5167"
		             targetType="submenu" targetMode="DTMF" 
			         targetName="50000_EntrerMobileNumber"/>
			         
	
		<MenuDefault cond="mobileNumCount EQ 1"
		             targetType="submenu" targetMode="DTMF" 
			         targetName="50000_CheckMobileTransfer"/>
			         
	</SubMenu>
	   
		            <!-- ############################ -->
	
	<SubMenu name="50000_CheckMobileTransfer" mode="DTMF" type="PromptPlay"	markPosition="false">
	
		   <Audio tts=" It seems you are having difficulty entering a Vodafone number">
				       x10000.wav
		   </Audio>
			         
	
		<MenuDefault targetType="submenu" targetMode="DTMF" 
			         targetName="90000_CCEStart"/>
			         
	</SubMenu>
	    
		            <!-- ############################ -->
		            <!-- ############################ -->
		            <!-- ############################ -->
	
       <SubMenu    name="50000_EnterMobileNumberConfirm" mode="DTMF" clearDTMFBuffer="true" markPosition="false"> 

		   <Audio tts="The mobile number you have entered is ">
				       5168.wav
				       (mobileNumber:phone)
				       5041.wav
				       5042.wav
		   </Audio>
		   
		<!-- mobileNumber is the session var that TableSeries uses for inpput -->
		
		<Choice dtmf="1" targetType="submenu" targetMode="DTMF"
		        handler="com.selfserv.ivr.handler.TableSeries"
				targetName="50000_CheckSeriesRc"/> 
				                                          	                               	
		<Choice dtmf="2" targetType="submenu" targetMode="DTMF" 
				targetName="50000_CheckMobileNumCount"/> 
				
		<!-- Added the catch of * # 9 and treat as NoMatch NoInput.  These options are not allowed here.  -->
		                                       	                               	
		<Choice dtmf="9" 
		        targetType="submenu" targetMode="DTMF"
		        dest="invIpt:true"
				targetName="50000_CheckMobileInvCount"/> 
				                                          	                               	
		<Choice dtmf="*" 
		        targetType="submenu" targetMode="DTMF"
		        dest="invIpt:true"
				targetName="50000_CheckMobileInvCount"/> 
				                                          	                               	
		<Choice dtmf="#" 
		        targetType="submenu" targetMode="DTMF"
		        dest="invIpt:true"
				targetName="50000_CheckMobileInvCount"/> 
				
          <NoInput count="1"  
                   targetType="submenu" targetMode="DTMF"
                   dest="invIpt:false"
                   targetName="50000_CheckMobileInvCount"> 
          </NoInput>
          
          <NoMatch count="1"  
                   targetType="submenu" targetMode="DTMF"
                   dest="invIpt:true" 
                   targetName="50000_CheckMobileInvCount"> 
          </NoMatch>
			
	   </SubMenu>
		            <!-- ############################ -->
	
	<SubMenu name="50000_CheckMobileInvCount" mode="DTMF" type="BusinessLogic"	markPosition="false">
	
		<MenuDefault cond="mobileInvCount EQ 0"
		             dest="mobileInvCount:1"
		             targetType="submenu" targetMode="DTMF" 
			         targetName="50000_CheckMobileInvCountAudio"/>
			         
	
		<MenuDefault cond="mobileInvCount EQ 1"
		             targetType="submenu" targetMode="DTMF" 
			         targetName="90000_MaxTrials"/>
			         
	</SubMenu>
		            <!-- ############################ -->
	<SubMenu name="50000_CheckMobileInvCountAudio" mode="DTMF" type="PromptPlay"	markPosition="false">
	
    	<Audio   cond="invIpt EQ true"
    	         tts="Sorry that was an invalid entry. Please try again">
                 5270.wav
    	</Audio>    
	
    	<Audio   cond="invIpt NE true"
    	         tts="Please provide an input">
                 5269.wav
    	</Audio>    
    	
 		<MenuDefault targetType="submenu" targetMode="DTMF"
			         targetName="50000_EnterMobileNumberConfirm"/>
			         
	</SubMenu>
	   	   
	   
		            <!-- ############################ -->
		            <!-- ############################ -->
		            <!-- ############################ -->
		            
	<SubMenu name="50000_CheckSeriesRc" mode="DTMF" type="BusinessLogic"	markPosition="false">
	
	    <!-- Record found based on CLI -->
		<MenuDefault cond="DBRC EQ S"
		             targetType="submenu" targetMode="DTMF"
		             handler="com.selfserv.ivr.handler.CustomerType"
			         targetName="50000_CheckCTypeRc"/>
			         	
	    <!-- No record found based on CLI -->
		<MenuDefault cond="DBRC EQ F_NF"
		             targetType="submenu" targetMode="DTMF"
			         targetName="90000_CCEStart"/>	

		<!-- DataBase Link(s) are down -->
		<MenuDefault targetType="submenu" targetMode="DTMF" 
			         targetName="90000_IVRDBLINKDOWN"/>
			         
	</SubMenu>
	   
		            <!-- ############################ -->
		            <!-- ############################ -->
		            <!-- ############################ -->
		            
	<SubMenu name="50000_CheckCTypeRc" mode="DTMF" type="BusinessLogic"	markPosition="false">
	
		<MenuDefault cond="DBRC EQ S"
		             targetType="submenu" targetMode="DTMF"
			         targetName="50000_SetLandLineNumber"/>	

		<!-- ISSUE: Where to go if account not found -->
		<MenuDefault cond="DBRC EQ F_NF"
		             targetType="submenu" targetMode="DTMF"
			         targetName="90000_CCEStart"/>
			         
		<!--  DataBase Link(s) are down -->
		<MenuDefault targetType="submenu" targetMode="DTMF" 
			         targetName="90000_IVRDBLINKDOWN"/>
			         
	</SubMenu>
		            <!-- ############################ -->
		            <!-- ############################ -->
		            <!-- ############################ -->
		            
	<SubMenu name="50000_SetLandLineNumber" mode="DTMF" type="BusinessLogic"	markPosition="false">
	
        <!--  Set LandLine to the CLI Returned form the CLI handler -->
		<MenuDefault cond="cliRc EQ cliOK"
		             targetType="submenu" targetMode="DTMF"
		             dest="setOptionFlagNextSubMenu:50000_CheckCType;
		                   customer.landlineNumber:$cliReturned"
			         targetName="SetOptionFlag"/>
			         	
		<!--  Set LandLine to the Mobile number entered by the caller -->
		<MenuDefault cond="ANI NE NULL"
		             targetType="submenu" targetMode="DTMF"
		             dest="setOptionFlagNextSubMenu:50000_CheckCType;
		                   customer.landlineNumber:$ANI"		 
			         targetName="SetOptionFlag"/>
			         
		<!--  ANI No Available -->
		<MenuDefault targetType="submenu" targetMode="DTMF"
		             dest="setOptionFlagNextSubMenu:50000_CheckCType"		 
			         targetName="SetOptionFlag"/>
			         
	</SubMenu>
  		
		            <!-- ############################ -->
		            <!-- ############################ -->
		            <!-- ############################ -->
		            
	<SubMenu name="50000_CheckCType" mode="DTMF" type="BusinessLogic"	markPosition="false">
	
	    <!-- ISSUE:  Verfiy logic flow of where each cType goes next-->
		<MenuDefault cond="customer.dbCType EQ PREPAID"
					 dest="queryNextSubMenu:51000_LLPrePaidMainMenu;
					  	   compliantNextSubMenu:PrePaidComplaintMenu"
		             targetType="submenu" targetMode="DTMF"
			         targetName="CheckForQueryComplaintMenuPre"/>	

		<MenuDefault cond="customer.dbCType EQ POSTPAID"
					 dest="queryNextSubMenu:52054_LLPostPaidMainMenu;
					  	   compliantNextSubMenu:PostPaidComplaintMenu"
		             targetType="submenu" targetMode="DTMF"
			         targetName="CheckForQueryComplaintMenuPost"/>	

		<MenuDefault cond="customer.dbCType EQ SPECIAL"
		             targetType="submenu" targetMode="DTMF"
		             dest="customer.tran_type:SPECIAL_OPT_OUT"
			         targetName="90000_CCEStart"/>	

		<MenuDefault cond="customer.dbCType EQ PREMIUM"
		             targetType="submenu" targetMode="DTMF"
			         targetName="30005_Premium"/>	

		<!-- ISSUE: Where to go if no match-->
		<MenuDefault targetType="submenu" targetMode="DTMF" 
			         targetName="90000_TechDiff"/>
	</SubMenu>
	
	
		            <!-- ############################ -->
		            <!-- ############################ -->
		            <!-- ############################ -->
	
       <SubMenu    name="51000_LLPrePaidMainMenu" mode="DTMF"  markPosition="true" set="previousMenu:51000_LLPrePaidMainMenu;
                                                                                        mainMenuVar:51000_LLPrePaidMainMenu"> 
		   <Audio tts="To Report Loss of your SIM press 1">
				       5163.wav
		   </Audio>
                                                                                        
		   <Audio cond="customer.callerFound EQ Y"
		          tts="To get the PUK of another number press 2">
				  5164.wav
		   </Audio>

		   <Audio tts="For information on balance and recharge press 3
		               For information on roaming press 4
		               For network feedback press 5">				       				       
				       5249.wav
				       5250.wav
				       5251.wav
		   </Audio>
		   
		<!--  SIMLoss uses as input:  mobileNumber, landLine, CType  (All 3 are currently set in customer class -->
		<Choice dtmf="1" targetType="submenu" targetMode="DTMF"
		        handler="com.selfserv.ivr.handler.SIMLoss"
		        dest="customer.tran_type:QR_PRE_SIMPUK"
				targetName="51000_LLPrePaidMainMenuOpt1"/> 
				                                          	                               	
		<Choice cond="customer.callerFound EQ Y"
		        dtmf="2" targetType="submenu" targetMode="DTMF" 
		        dest="customer.tran_type:QR_PRE_SIMPUK"
				targetName="51000_LLPrePaidMainMenuOpt2"/> 
								                                          	                               	
		<Choice dtmf="3" targetType="submenu" targetMode="DTMF" 
		        dest="customer.tran_type:QR_PRE_BALREC;
		        	  20037_PrePaidBalanceAndRechargePrevMenu:51000_LLPrePaidMainMenu"
				targetName="20037_PrePaidBalanceAndRecharge_Promo"/> 
				                                          	                               	
		<Choice dtmf="4" targetType="submenu" targetMode="DTMF" 
		        dest="customer.tran_type:QR_PRE_ROAMISD"
				targetName="51000_LLPrePaidMainMenuOpt4"/> 
				                                          	                               	
		<Choice dtmf="5" targetType="submenu" targetMode="DTMF"
				targetName="51000_LLPrePaidMainMenuOpt5"/> 
				
	   </SubMenu>
		            <!-- ############################ -->
		            
	<SubMenu name="51000_LLPrePaidMainMenuOpt1" mode="DTMF" type="BusinessLogic"	markPosition="true">
				         	
		<!--  To Report Loss of your SIM press 1 -->
		<MenuDefault targetType="submenu" targetMode="DTMF"
		             targetName="90000_CCEStart"/>			         
	</SubMenu>
		            <!-- ############################ -->
		            
	<SubMenu name="51000_LLPrePaidMainMenuOpt2" mode="DTMF" type="BusinessLogic"	markPosition="true">
				         	
		<!--  get the PUK of another number press 2 -->
		<MenuDefault targetType="submenu" targetMode="DTMF"
		             targetName="55000_PUKStart"/>			         
	</SubMenu>
		            <!-- ############################ -->
		            
	<SubMenu name="51000_LLPrePaidMainMenuOpt4" mode="DTMF" type="BusinessLogic"	markPosition="true">
				         	
		<!--  For information on roaming press 4 -->
		<MenuDefault targetType="submenu" targetMode="DTMF"
		             targetName="90000_CCEStart"/>			         
	</SubMenu>
		            <!-- ############################ -->
		            
	<SubMenu name="51000_LLPrePaidMainMenuOpt5" mode="DTMF" type="BusinessLogic"	markPosition="true">
				         	
		<!--  For network feedback press 5 -->
		<MenuDefault targetType="submenu" targetMode="DTMF"
		             targetName="90000_CCEStart"/>			         
	</SubMenu>

		            <!-- ############################ -->
		            <!-- ############################ -->
		            <!-- ############################ -->
		            
	 <!-- ***************************************** -->
	 <!-- ****** Start of Post Paid LL ************ -->
	 <!-- ***************************************** -->

	
       <SubMenu    name="52054_LLPostPaidMainMenu" mode="DTMF"  markPosition="true" set="previousMenu:52054_LLPostPaidMainMenu;
                                                                                        mainMenuVar:52054_LLPostPaidMainMenu"> 
		   <Audio tts="To Report Loss of your SIM press 1">
				       5163.wav
		   </Audio>
                                                                                        
		   <Audio cond="customer.callerFound EQ Y"
		          tts="To get the PUK of another number press 2">
				  5164.wav
		   </Audio>

		   <Audio tts="For billing and tariff related information and to make your bill payments, press 3
		               For information on roaming press 4
		               For network feedback press 5">				       				       
				       5252.wav
				       5250.wav
				       5251.wav
		   </Audio>
		   
		<!--  SIMLoss uses as input:  mobileNumber, landLine, CType  (All 3 are currently set in customer class -->
		<Choice dtmf="1" targetType="submenu" targetMode="DTMF"
		        handler="com.selfserv.ivr.handler.SIMLoss"
		        dest="customer.tran_type:QR_POST_SIMPUK"
				targetName="52054_LLPostPaidMainMenuOpt1"/> 
				                                          	                               	
		<Choice cond="customer.callerFound EQ Y"
		        dtmf="2" targetType="submenu" targetMode="DTMF"
		        dest="customer.tran_type:QR_POST_SIMPUK" 
				targetName="52054_LLPostPaidMainMenuOpt2"/> 
				
		<!-- Note: 52055_LLPostPaidBilling is in file LLPostPaidBillingStert.xml -->				                                          	                               	
		<Choice dtmf="3" targetType="submenu" targetMode="DTMF" 
		        dest="customer.tran_type:QR_POST_BILLTARIFF"
				targetName="52055_LLPostPaidBilling"/> 
				
				                                          	                               	
		<Choice dtmf="4" targetType="submenu" targetMode="DTMF"
		        dest="customer.tran_type:QR_POST_ROAMISD" 
				targetName="52054_LLPostPaidMainMenuOpt4"/> 
				                                          	                               	
		<Choice dtmf="5" targetType="submenu" targetMode="DTMF"
				targetName="52054_LLPostPaidMainMenuOpt5"/> 
				
	   </SubMenu>
		            <!-- ############################ -->
		            
	<SubMenu name="52054_LLPostPaidMainMenuOpt1" mode="DTMF" type="BusinessLogic"	markPosition="true">
				         	
		<!--  To Report Loss of your SIM press 1 -->
		<MenuDefault targetType="submenu" targetMode="DTMF"
		             targetName="90000_CCEStart"/>			         
	</SubMenu>
		            <!-- ############################ -->
		            
	<SubMenu name="52054_LLPostPaidMainMenuOpt2" mode="DTMF" type="BusinessLogic"	markPosition="true">
				         	
		<!--  get the PUK of another number press 2 -->
		<MenuDefault targetType="submenu" targetMode="DTMF"
		             targetName="55000_PUKStart"/>			         
	</SubMenu>
		            <!-- ############################ -->
		            
	<SubMenu name="52054_LLPostPaidMainMenuOpt4" mode="DTMF" type="BusinessLogic"	markPosition="true">
				         	
		<!--  For information on roaming press 4 -->
		<MenuDefault targetType="submenu" targetMode="DTMF"
		             targetName="90000_CCEStart"/>			         
	</SubMenu>
		            <!-- ############################ -->
		            
	<SubMenu name="52054_LLPostPaidMainMenuOpt5" mode="DTMF" type="BusinessLogic"	markPosition="true">
				         	
		<!--  For network feedback press 5 -->
		<MenuDefault targetType="submenu" targetMode="DTMF"
		             targetName="90000_CCEStart"/>			         
	</SubMenu>

		            <!-- ############################ -->
		            

</CallRouting>