<?xml version="1.0" encoding="UTF-8"?>

<CallRouting name="LLPostPaidBillingStart" releaseVersion="0.0" fileVersion="0.0"
	start="" startMode="" audioDir=""
	xmlns="http://ibm.com/ivr/framework/model"
	xmlns:xsi="http://www.w3.org/2001/XMLSchema-instance" 
	xsi:schemaLocation="http://ibm.com/ivr/framework/model IVRFramework.xsd">

    <!--  													-->
	<!-- Starting point for LL PostPaid Billing Callflow 	-->
	<!-- 	Call Flow page 55 (based on pg 10)				-->
	<!--  	Called from LandLineStart.xml					-->
	<!-- 													-->
	
	<Operator/>

 		
    <!-- ############################ -->
    <!-- ############################ -->
    <!-- ############################ -->
		            
	<SubMenu name="52055_LLPostPaidBilling" mode="DTMF" type="BusinessLogic"	markPosition="false">
	
	    <!-- See if caller has been found and need to access the DataBase -->
		<MenuDefault cond="customer.callerFound EQ Y"
		             targetType="submenu" targetMode="DTMF"
		             handler="com.selfserv.ivr.handler.GetBillingInfo"
			         targetName="52000_LLCheckBillingRc"/>

		<!-- Caller information is not found in the LDB or CDB so we will continue on  -->
		<!-- as an information only caller                                             -->
		<MenuDefault targetType="submenu" targetMode="DTMF" 
			         targetName="52000_LLBillingInfoStart"/>
			         
	</SubMenu>
		            <!-- ############################ -->
		            
	<SubMenu name="52000_LLCheckBillingRc" mode="DTMF" type="BusinessLogic"	markPosition="false">
	
	    <!-- See if caller has been found and need to access the DataBase -->
		<MenuDefault cond="DBRC EQ S"
		             targetType="submenu" targetMode="DTMF"
			         targetName="52000_LLBillingInfoStart"/>
			         	
	    <!-- No record found for Billing Inquiry -->
		<MenuDefault cond="DBRC EQ F_NF"
		             targetType="submenu" targetMode="DTMF"
			         targetName="90000_CCEStart"/>	

		<!-- DataBase Link(s) are down -->
		<MenuDefault targetType="submenu" targetMode="DTMF" 
			         targetName="90000_IVRDBLINKDOWN"/>			         
	</SubMenu>
	
	<!-- ############################ -->
				   	
	<SubMenu name="52000_LLBillingInfoStart" mode="DTMF"   markPosition="true" set="previousMenu:52054_LLPostPaidMainMenu"> 
	     
	    <!--  Offer if caller found and not Inroamer -->	   
		<Audio cond="customer.callerFound EQ Y, customer.inroamerFlag NE Y"
			   tts="To know about your billing details and to make bill payments press 1">	
				5018.wav
		</Audio>
		
		<!--  Offer if caller found and not Inroamer -->		
		<Audio cond="customer.callerFound EQ Y, customer.inroamerFlag NE Y" 
			   tts="To pay your bills through credit cards press 2">	
				5019.wav
		</Audio>
			
		<!--  Offer if caller found and is an Inroamer -->		
		<Audio cond="customer.callerFound EQ Y" 
			   tts="To know about various bill payment centres press 3">	
				5020.wav
		</Audio>
		
		<!--  Offer if caller found  -->		
		<Audio cond="customer.callerFound EQ Y, customer.inroamerFlag NE Y" 
			   tts="To subscribe to itemized bill and to receive duplicate copies of earlier bills press 4">	
				5021.wav
		</Audio>
	
		<!--  Offer if caller found  -->		
		<Audio  tts="For information on tariff plans and various new offers press 5">	
				5026.wav
		</Audio>

        <!--  Offer to all callers -->						
		<Audio	tts="For any other assistance on billing press 9">	
				5022.wav	
		</Audio>

        <!-- Offer to all callers  -->						
		<Audio	tts="To go back to previous menu press hash	Press star to go to the Main menu">	
				6000.wav	
		</Audio>

		<Choice dtmf="1" cond="customer.callerFound EQ Y, customer.inroamerFlag NE Y"		        
		        targetType="submenu" targetMode="DTMF"
		        dest="40011_BillingDetailsPrevMenu:52000_LLBillingInfoStart;
		              customer.tran_type:QR_POST_BILLTARIFF"
			    targetName="52056_BillingDetails"/>
			
		<Choice dtmf="2" cond="customer.callerFound EQ Y, customer.inroamerFlag NE Y"
			    targetType="submenu" targetMode="DTMF"
			    dest="ccTranType:P;
			    	  ccReturnMenu:none;
			          customer.tran_type:QR_POST_BILLTARIFF"
			    targetName="52057_PayByCC"/>
			
		<Choice dtmf="3" cond="customer.callerFound EQ Y"
			    targetType="submenu" targetMode="DTMF"
			    dest="40016_PaymentCentersPrevMenu:52000_LLBillingInfoStart;
			          customer.tran_type:QR_POST_BILLTARIFF"
			    targetName="52061_PaymentCenters"/>
			
		<Choice dtmf="4" cond="customer.callerFound EQ Y, customer.inroamerFlag NE Y"
			    targetType="submenu" targetMode="DTMF"
			    dest="40017_DupItmBillPrevMenu:52000_LLBillingInfoStart;
			          customer.tran_type:QR_POST_BILLTARIFF"
			    targetName="52062_DupItmBill"/>
					
		<Choice dtmf="5" 
		        targetType="submenu" targetMode="DTMF"
		        dest="40021_DupItmBillPrevMenu:52000_LLBillingInfoStart;
			          customer.tran_type:QR_POST_BILLTARIFF"
			    targetName="52066_TarPlnOfrs"/>
					
		<Choice dtmf="9" 
		        targetType="submenu" targetMode="DTMF"
			    targetName="90000_CCEStart"/>
								
	</SubMenu>
	
	
	<!-- ############################ -->
	<!-- ############################ -->
	<!-- ############################ -->
		            
	<SubMenu name="52056_BillingDetails" mode="DTMF" type="BusinessLogic"	markPosition="true">
	
		<!--   MPIN Validation  -->
		<MenuDefault 
					 dest="52067_MPINExists_next:40011_BillingDetails"	
					 targetType="submenu" targetMode="DTMF" 
			         targetName="52067_MPINValidation"/>			         
	</SubMenu>
	
	<!-- ############################ -->
	<!-- ############################ -->
	<!-- ############################ -->
		            
	<SubMenu name="52057_PayByCC" mode="DTMF" type="BusinessLogic"	markPosition="true">
	
		<!--   MPIN Validation  -->
		<MenuDefault 
					 dest="52067_MPINExists_next:40000_PayByCC"	
					 targetType="submenu" targetMode="DTMF" 
			         targetName="52067_MPINValidation"/>			         
	</SubMenu>
		
		
	<!-- ############################ -->
	<!-- ############################ -->
	<!-- ############################ -->
		            
	<SubMenu name="52061_PaymentCenters" mode="DTMF" type="BusinessLogic"	markPosition="true">
	
		<!--  Do NOT need to Check if MPIN Exists -->
		<MenuDefault targetType="submenu" targetMode="DTMF" 
			         targetName="40016_PaymentCenters"/>			         
	</SubMenu>
	
	<!-- ############################ -->
	<!-- ############################ -->
	<!-- ############################ -->

	<SubMenu name="52062_DupItmBill" mode="DTMF" type="BusinessLogic"	markPosition="true">
	
		<!--   MPIN Validation  -->
		<MenuDefault dest="52067_MPINExists_next:40017_DupItmBill"	
					 targetType="submenu" targetMode="DTMF" 
			         targetName="52067_MPINValidation"/>			         
	</SubMenu>
	
			
	<!-- ############################ -->
	<!-- ############################ -->
	<!-- ############################ -->
		            
	<SubMenu name="52066_TarPlnOfrs" mode="DTMF" type="BusinessLogic"	markPosition="true">
	
		<!--  Do NOT need to Check if MPIN Exists -->
		<MenuDefault targetType="submenu" targetMode="DTMF" 
			         targetName="40021_TarPlnOfrs"/>			         
	</SubMenu>
	
		
	<!-- ############################ -->
	<!-- ############################ -->
	<!-- ############################ -->
			
    <!-- ################################################################################## -->
    <!-- ############################  MPIN Validation  ################################### -->
    <!-- ################################################################################## -->
	
	<SubMenu name="52067_MPINValidation" mode="DTMF" type="BusinessLogic"	markPosition="false">
	
		<!--  Check if MPIN Exists -->
		<MenuDefault dest="mpinErrCount:0;
						   mpinAttemptCount:0"
					 handler="com.selfserv.ivr.handler.GetMPin"
					 targetType="submenu" targetMode="DTMF" 
			         targetName="52067_MPINCheckRc"/>			         
	</SubMenu>
		            <!-- ############################ -->
		            
	<SubMenu name="52067_MPINCheckRc" mode="DTMF" type="BusinessLogic"	markPosition="false">
	
	    <!--Success -->
		<MenuDefault cond="DBRC EQ S"
		             targetType="submenu" targetMode="DTMF"
			         targetName="52067_CheckIfMPINExists"/>
			         	
	    <!-- Record Not Found -->
		<MenuDefault cond="DBRC EQ F_NF"
		             targetType="submenu" targetMode="DTMF"
			         targetName="52067_MPINDoesNotExist"/>	

		<!-- DataBase Link(s) are down -->
		<MenuDefault targetType="submenu" targetMode="DTMF" 
			         targetName="90000_IVRDBLINKDOWN"/>			         
	</SubMenu>
	
	<!-- ############################ -->
				   	
	<SubMenu name="52067_CheckIfMPINExists" mode="DTMF" type="BusinessLogic" markPosition="false">
		
		<!--  MPIN Exists -->
		<MenuDefault cond="cssSessionExists EQ true"
					 dest="CSSCommand:CLSS"
					 handler="com.selfserv.ivr.handler.CSSServer"
					 targetType="submenu" targetMode="DTMF" 
			         targetName="52067_cssServerCmdCLSSCheckRc"/>	
			         

		<MenuDefault cond="cssSessionExists EQ false"
					 targetType="submenu" targetMode="DTMF" 
			         targetName="52067_EnterMPIN"/>	
			         	    		         
	</SubMenu>
	
	<!-- ############################ -->
	
	<SubMenu name="52067_MPINDoesNotExist" mode="DTMF" 	markPosition="false">
	
		<Audio cond="customer.mpin EQ NULL"
			   tts="You have not registerd for a valid MPIN for this service
			   		to talk to CSE press 9
			   		global prompts">	
				x10001.wav 
				5132.wav 
				6000.wav
		</Audio>
		
		<Choice dtmf="9" 
		        targetType="submenu" targetMode="DTMF"
			    targetName="90000_CCEStart"/>
		         
	</SubMenu>
	
	<!-- ############################ -->
	<SubMenu name="52067_cssServerCmdCLSSCheckRc" mode="DTMF" type="BusinessLogic"	markPosition="false">
	
		<MenuDefault cond="DBRC EQ S"
		             targetType="submenu" targetMode="DTMF"
			         targetName="52067_EnterMPIN"/>
			         	

		<MenuDefault targetType="submenu" targetMode="DTMF" 
			         targetName="52067_DropSessionError"/>			         
	</SubMenu>
	
	<!-- ############################ -->   	
 
 	<SubMenu name="52067_DropSessionError" mode="DTMF" type="PromptPlay" markPosition="false">
	
		<Audio 
			   tts="We are unable to process you request at this time">	
				5253.wav
		</Audio>

		<MenuDefault targetType="submenu" targetMode="DTMF" 
			         targetName="52054_LLPostPaidMainMenu"/>			
		         
	</SubMenu>
	
	<!-- ############################ -->
	
	<!-- ############################ -->
	<!-- ############################ -->
	<!-- ############################ -->

	<SubMenu name="52067_EnterMPIN" mode="DTMF"   markPosition="true" vxml="interdigittimeout:3s">        
		<Audio
			tts="Please validate your self by entereing you 4 digit MPIN 
				 If you have forgotten your MPIN press 1 for help">	
				5287.wav 
				x10002.wav	
		</Audio>
			
		<Grammar>digits4.grxml</Grammar>
							
		<Choice dtmf="@digits4" targetType="submenu" 		  
			    dest="mpin:$digits4;
			      	  CSSCommand:CRSS;
			      	  llTrue:yes"
				handler="com.selfserv.ivr.handler.CSSServer"
 		        targetName="52067_MPINReqSession_CheckRc"/>  

		  <!-- Added the catch of * #  and treat as NoMatch NoInput.  These options are not allowed here.  -->                                       	                               	
  	                               	
		<Choice dtmf="1" 
		        targetType="submenu" targetMode="DTMF"
				targetName="52067_MPINhelp"/> 

		<Choice dtmf="*" 
		        targetType="submenu" targetMode="DTMF"
		        dest="invIpt:true"
				targetName="52067_CheckMPINErrCount"/> 
				                                          	                               	
		<Choice dtmf="#" 
		        targetType="submenu" targetMode="DTMF"
		        dest="invIpt:true"
				targetName="52067_CheckMPINErrCount"/> 
				
          <NoInput count="1"  
                   targetType="submenu" targetMode="DTMF"
                   dest="invIpt:false"
                   targetName="52067_CheckMPINErrCount"> 
          </NoInput>
          
          <NoMatch count="1"  
                   targetType="submenu" targetMode="DTMF"
                   dest="invIpt:true" 
                   targetName="52067_CheckMPINErrCount"> 
          </NoMatch>
				        
   
	</SubMenu>

		            <!-- ############################ -->
		            <!-- ############################ -->
		            <!-- ############################ -->
	
	
	<SubMenu name="52067_CheckMPINErrCount" mode="DTMF" type="BusinessLogic"	markPosition="false">	

		<MenuDefault cond="mpinErrCount EQ 0"
		             dest="mpinErrCount:1"
		             targetType="submenu" targetMode="DTMF"
			         targetName="52067_CheckIfCustCountAudio"/>
		         
		<MenuDefault cond="mpinErrCount EQ 1"
		             targetType="submenu" targetMode="DTMF" 
			         targetName="90000_MaxTrials"/>		         

	</SubMenu>
		            <!-- ############################ -->
	<SubMenu name="52067_CheckIfCustCountAudio" mode="DTMF" type="PromptPlay"	markPosition="false">
	
    	<Audio   cond="invIpt EQ true"
    	         tts="Sorry that was an invalid entry. Please try again">
                 5270.wav
    	</Audio>    
	
    	<Audio   cond="invIpt NE true"
    	         tts="Please provide an input">
                 5269.wav
    	</Audio>    
    	
 		<MenuDefault targetType="submenu" targetMode="DTMF"
			         targetName="52067_EnterMPIN"/>
			         
	</SubMenu>
			            <!-- ############################ -->
	
	<SubMenu name="52067_MPINReqSession_CheckRc" mode="DTMF" type="BusinessLogic" clearDTMFBuffer="true" markPosition="false">	

		<MenuDefault cond="DBRC EQ S"
		             targetType="submenu" targetMode="DTMF"
		             targetName="$52067_MPINExists_next"/>  
		         
		<MenuDefault targetType="submenu" targetMode="DTMF" 
			         targetName="52067_MPINFailed"/>		         

	</SubMenu>
		            <!-- ############################ -->		
		            <!-- ############################ -->
		          	<!-- ############################ -->
	
	<SubMenu name="52067_MPINFailed" mode="DTMF" type="BusinessLogic"	markPosition="false">	

		<MenuDefault cond="DBRC EQ F_NF"
		             targetType="submenu" targetMode="DTMF"
		             targetName="52067_FailedMPINAttempt"/>  
		         
		<MenuDefault targetType="submenu" targetMode="DTMF" 
			         targetName="52067_MPINFailedCritical_EXIT"/>		         

	</SubMenu>
	
	<SubMenu    name="52067_FailedMPINAttempt" mode="DTMF"  type="BusinessLogic" markPosition="false">
	    
      	<MenuDefault cond="mpinAttemptCount EQ 0"
      			dest="mpinAttemptCount:1"
    			targetType="submenu" targetMode="DTMF" 
			    targetName="52067_EnterMPIN_msg"/>

 		<MenuDefault targetType="submenu" targetMode="DTMF" 
			         targetName="52067_MPINFailedTooManyTries_EXIT"/>
 	   
	</SubMenu>
	
	<SubMenu    name="52067_EnterMPIN_msg" mode="DTMF"  type="PromptPlay" markPosition="false">
	    
    	<Audio   tts="Sorry You have entered an invalid password">
                 5338.wav
    	</Audio>    
    	
    	<MenuDefault 
    			targetType="submenu" targetMode="DTMF" 
			    targetName="52067_EnterMPIN"/>
 
	</SubMenu>
		
	<!-- ############################ -->
	<!-- ############################ -->
	<!-- ############################ -->
	
	<SubMenu    name="52067_MPINFailedTooManyTries_EXIT" mode="DTMF"  type="PromptPlay" markPosition="false">
	    
    	<Audio  
		        tts="You have exceeded Maximum
					  Number of Tries to Enter your MPIN.
					  You can explain your problem to our
					  Customer Care Executive.">
                 5337.wav
    	</Audio>    
    	
 		<MenuDefault targetType="submenu" targetMode="DTMF" 
			         targetName="90000_CCEStart"/>
 	   
	</SubMenu>

	<!-- ############################ -->
	<!-- ############################ -->
	<!-- ############################ -->
	
	<SubMenu    name="52067_MPINFailedCritical_EXIT" mode="DTMF"  type="PromptPlay" markPosition="false">
	    
    	<Audio  
		        tts="Sorry we cannot Attend to
					your request Now. You shall
					now be connected to our
					Customer Care Executive.">
                 x10003.wav
    	</Audio>    
    	
 		<MenuDefault targetType="submenu" targetMode="DTMF" 
			         targetName="90000_CCEStart"/>
 	   
	</SubMenu>

	<!-- ############################ -->
	<!-- ############################ -->
	<!-- ############################ -->
</CallRouting>