<?xml version="1.0" encoding="UTF-8"?>
<CallRouting name="Common" releaseVersion="0.0" fileVersion="0.0"
	start="" startMode="" audioDir=""
	xmlns="http://ibm.com/ivr/framework/model"
	xmlns:xsi="http://www.w3.org/2001/XMLSchema-instance" 
	xsi:schemaLocation="http://ibm.com/ivr/framework/model IVRFramework.xsd">


    <!--  -->
	<!-- Starting point for Non Customer Callflow -->
	<!--  -->
	  
	<Operator/>
	
		            <!-- ############################ -->
		            <!-- ############################ -->
		            <!-- ############################ -->
	
	
	   <SubMenu    name="70000_NonCustStart" mode="DTMF"  vxml="timeout:1s"  markPosition="true"
	                                         set="mainMenuVar:70000_NonCustStart;
	                                              customer.callFlowType:InfoOnly
	                                              previousMenu:70000_NonCustStart"> 
    	<Audio   tts="Vodafone is the world's leading international mobile communications company. 
    	              It has operations in 25 countries across 5 continents and 40 partner networks with over 200 million Customers worldwide. 
    	              Vodafone has partnered with Essar group for the Indian market. Over the years,
    	              Vodafone essar under the Hutch brand has been named 'the Most respected Telecom Company' 'Best Mobile Service in the Country'
    	              and 'The Most Creative and Most effective advertisor of the year'. Allow us to welcome you into our world.">
                 5282.wav
    	</Audio>    
 
        <Choice dtmf="#" targetType="submenu" targetMode="DTMF"                   
 					 targetName="70000_NonCust"/>

        <Choice dtmf="*" targetType="submenu" targetMode="DTMF"                   
 					 targetName="70000_NonCust"/>

        <NoInput count="1" targetType="submenu" targetMode="DTMF"                       
 					 targetName="70000_NonCust"/>

        <NoMatch count="1" targetType="submenu" targetMode="DTMF"                       
 					 targetName="70000_NonCust"/>
  	   
	   </SubMenu>

		            <!-- ############################ -->
		            <!-- ############################ -->
		            <!-- ############################ -->
	
       <SubMenu    name="70000_NonCust" mode="DTMF"  markPosition="true" set="previousMenu:70000_NonCustStart"> 

		   <Audio tts="For information on offers on New Connection press 1 
		               For Information on Vodafone Services press 2">
				       5075.wav
				       5281.wav
		   </Audio> 
		   
		<Choice dtmf="1" targetType="submenu" targetMode="DTMF" 
				targetName="70000_PreOrPost"/> 
				                                          	                               	
		<Choice dtmf="2" targetType="submenu" targetMode="DTMF"  
				targetName="70000_ProdAndServ"/> 
				                                          	                               	
                                                                                        
	   </SubMenu>
	   
		            <!-- ############################ -->
		            <!-- ############################ -->
		            <!-- ############################ -->
	
       <SubMenu    name="70000_ProdAndServ" mode="DTMF"  markPosition="false" set="previousMenu:70000_NonCust"> 

		   <Audio tts="For information on caller tunes press 1 
		               For information of Vodafone live and Vodafone mobile connect press 2
		               For information on roaming services press 3
		               For information on calling cards press 4
		               To go back to the previous menu press # To go back to the main menu press *">
				       5235.wav
				       5305.wav
				       5306.wav
				       5307.wav
				       6000.wav
		   </Audio> 
		   
		<Choice dtmf="1" targetType="submenu" targetMode="DTMF" 
		        dest="ProdAndServAudioToPlay:5308"
				targetName="70000A_ProdAndServ"/> 
				                                          	                               	
		<Choice dtmf="2" targetType="submenu" targetMode="DTMF" 
		        dest="ProdAndServAudioToPlay:5309" 
				targetName="70000A_ProdAndServ"/> 
				                                          	                               	
				                                          	                               	
		<Choice dtmf="3" targetType="submenu" targetMode="DTMF" 
		        dest="ProdAndServAudioToPlay:5310" 
				targetName="70000A_ProdAndServ"/> 
				                                          	                               	
				                                          	                               	
		<Choice dtmf="4" targetType="submenu" targetMode="DTMF" 
		        dest="ProdAndServAudioToPlay:5311" 
				targetName="70000A_ProdAndServ"/> 
				                                          	                               	
                                                                                        
	   </SubMenu>
		            <!-- ############################ -->
		            <!-- ############################ -->
		            <!-- ############################ -->
	
       <SubMenu    name="70000A_ProdAndServ" mode="DTMF"  markPosition="false" set="previousMenu:70000_ProdAndServ"> 

		   <Audio tts="Play adio file stored in var PreOrPostAudioToPlay">
				       (ProdAndServAudioToPlay:wavfile)
		   </Audio> 
		   
        <Choice dtmf="#" targetType="submenu" targetMode="DTMF"                   
 					 targetName="70000A_ProdAndServ_2"/>

        <Choice dtmf="*" targetType="submenu" targetMode="DTMF"                   
 					 targetName="70000A_ProdAndServ_2"/>

        <NoInput count="1" targetType="submenu" targetMode="DTMF"                       
 					 targetName="70000A_ProdAndServ_2"/>

        <NoMatch count="1" targetType="submenu" targetMode="DTMF"                       
 					 targetName="70000A_ProdAndServ_2"/>
				                                          	                                                                                                                 
	   </SubMenu>
	   
       <SubMenu    name="70000A_ProdAndServ_2" mode="DTMF"  markPosition="false" set="previousMenu:70000_ProdAndServ"> 

		   <Audio tts="To go back to the previous menu press # To go back to the main menu press *">
				       6000.wav
		   </Audio> 
		   
		<Choice dtmf="9" targetType="submenu" targetMode="DTMF"
				targetName="90000_CCEStart"/> 
				                                          	                                                                                                                 
	   </SubMenu>
	   
	
		            <!-- ############################ -->
		            <!-- ############################ -->
		            <!-- ############################ -->
	
       <SubMenu    name="70000_PreOrPost" mode="DTMF"  markPosition="false" set="previousMenu:70000_NonCust"> 

		   <Audio tts="For Vodafone PostPaid press 1 
		               For Vodafone PrePaid press 2">
				       5285.wav
				       5286.wav
		   </Audio> 
		   
		<Choice dtmf="1" targetType="submenu" targetMode="DTMF" 
		        dest="PreOrPostAudioToPlay:5283;
		              customer.tran_type:NC_PROSPECT_POST;
		              customer.dbCType:NC;
		              customer.vdn_category:PSTN"
				targetName="70000A_PreOrPost"/> 
				                                          	                               	
		<Choice dtmf="2" targetType="submenu" targetMode="DTMF" 
		        dest="PreOrPostAudioToPlay:5284;
		              customer.tran_type:NC_PROSPECT_PRE;
		              customer.dbCType:NC;
		              customer.vdn_category:PSTN" 
				targetName="70000A_PreOrPost"/> 
				                                          	                               	
                                                                                        
	   </SubMenu>
		            <!-- ############################ -->
		            <!-- ############################ -->
		            <!-- ############################ -->
	
       <SubMenu    name="70000A_PreOrPost" mode="DTMF"  markPosition="false" vxml="timeout:1s" set="previousMenu:70000_PreOrPost"> 

		   <Audio tts="Play adio file stored in var PreOrPostAudioToPlay">
				       (PreOrPostAudioToPlay:wavfile)
		   </Audio> 
		   
        <Choice dtmf="#" targetType="submenu" targetMode="DTMF"                   
 					 targetName="70000A_PreOrPost_2"/>

        <Choice dtmf="*" targetType="submenu" targetMode="DTMF"                   
 					 targetName="70000A_PreOrPost_2"/>

        <NoInput count="1" targetType="submenu" targetMode="DTMF"                       
 					 targetName="70000A_PreOrPost_2"/>

        <NoMatch count="1" targetType="submenu" targetMode="DTMF"                       
 					 targetName="70000A_PreOrPost_2"/>
				                                          	                                                                                                                 
	   </SubMenu>

      <SubMenu    name="70000A_PreOrPost_2" mode="DTMF"  markPosition="false" set="previousMenu:70000_PreOrPost"> 

		   <Audio tts="To know more about our products and services press 9
		               To go back to the previous menu press # To go back to the main menu press *">
				       5003.wav
				       6000.wav
		   </Audio> 
		   
		<Choice dtmf="9" targetType="submenu" targetMode="DTMF"
				targetName="90000_CCEStart"/> 
				                                          	                                                                                                                 
	   </SubMenu>
	    

</CallRouting>