<?xml version="1.0" encoding="UTF-8"?>

<CallRouting name="PostPaidStart" releaseVersion="0.0" fileVersion="0.0"
	start="" startMode="" audioDir=""
	xmlns="http://ibm.com/ivr/framework/model"
	xmlns:xsi="http://www.w3.org/2001/XMLSchema-instance" 
	xsi:schemaLocation="http://ibm.com/ivr/framework/model IVRFramework.xsd">

    <!--  										-->
	<!-- Starting points for PostPaid Callflow 	-->
	<!-- 	30006_PostPaidMainMenuLanguage		-->
	<!--  										-->
	
	<Operator/>
	<!-- ############################ -->
	<!-- ############################ -->
	<!-- ############################ -->
	
  	<!-- Called from SelfServStart.xml and LandLineStart.xml-->
	
  	
  	<SubMenu    name="30005_Premium" mode="DTMF" type="BusinessLogic" markPosition="false" 
					set="mainMenuVar:30005_PremiumAsk;
						 previousMenu:30005_PremiumAsk"> 

		<MenuDefault cond="customer.prefLang EQ NULL"
					 targetType="submenu" targetMode="DTMF" 
			         targetName="30005_PremiumAsk"/>
			         
		<MenuDefault cond="customer.prefLang EQ SPACECHAR"
					 targetType="submenu" targetMode="DTMF" 
			         targetName="30005_PremiumAsk"/>	

		<MenuDefault  targetType="submenu" targetMode="DTMF" 
		              targetName="30005_ToSetPrefLangFromDB"/>
  	</SubMenu>	
	
	<!-- ############################ -->
 
  	<SubMenu name="30005_ToSetPrefLangFromDB" mode="DTMF" type="BusinessLogic" markPosition="false">

    <!-- See if we need to get the audio language path from the "localLang property  -->
    
	<MenuDefault cond="customer.prefLang NE HIN, customer.prefLang NE ENG"
            targetType="submenu" targetMode="DTMF" 
            dest="LANG:$circle.localLanguage"
            handler="com.selfserv.ivr.handler.SetLang"
       		targetName="30005_PremiumAsk"/>
         
	<MenuDefault targetType="submenu" targetMode="DTMF" 
            dest="LANG:$customer.prefLang"
            handler="com.selfserv.ivr.handler.SetLang"
       		targetName="30005_PremiumAsk"/>
         
	</SubMenu>

	<!-- ############################ -->
		
 	<SubMenu name="30005_PremiumAsk" mode="DTMF"   markPosition="true" >   
 						      
		<Audio 	tts="For IVR self help press 1
					To talk to our Customer
					Service executive press 2">
			5007-Main.wav 5008.wav
		</Audio>
		
		<Choice dtmf="1" targetType="submenu" targetMode="DTMF"  
			targetName="30006_PostPaidMainMenuLanguage"/>   

		<Choice dtmf="2" targetType="submenu" targetMode="DTMF"
		        dest="customer.tran_type:PREMIUM_OPT_OUT"
			    targetName="90000_CCEStart"/>
								
	</SubMenu>


	<!-- ############################ -->
	<!-- ############################ -->
	<!-- ############################ -->
	
  	
  	<SubMenu    name="30006_PostPaidMainMenuLanguage" mode="DTMF" type="BusinessLogic" markPosition="false" 
					set="mainMenuVar:30009_PostPaidMainMenu;
						 previousMenu:30006_PostPaidMainMenuLanguage"> 


		<MenuDefault cond="customer.prefLang EQ NULL"
					 targetType="submenu" targetMode="DTMF" 
		             dest="toContinueInNextSubMenu:30006_PostPaidSetPrefLangChoise_chkwhichDB"
			         targetName="ToContinueInChoice"/>
			         
		<MenuDefault cond="customer.prefLang EQ SPACECHAR"
					 targetType="submenu" targetMode="DTMF" 
		             dest="toContinueInNextSubMenu:30006_PostPaidSetPrefLangChoise_chkwhichDB"
			         targetName="ToContinueInChoice"/>	

		<MenuDefault  targetType="submenu" targetMode="DTMF" 
		              targetName="30006_ToSetPrefLangFromDB"/>
  	</SubMenu>	
  	
  	<!-- ############################ -->
  	
  	 	<SubMenu    name="30006_PostPaidSetPrefLangChoise_chkwhichDB" mode="DTMF" type="BusinessLogic" markPosition="false" > 


		<MenuDefault cond="customer.callerFound EQ Y, customer.inroamerFlag EQ N"
					 targetType="submenu" targetMode="DTMF"
			         targetName="30006_PostPaidSetPrefLangChoise"/>

		<MenuDefault  targetType="submenu" targetMode="DTMF" 
		              targetName="30007_Birthday"/>
  	</SubMenu>	
  	
  	<!-- ############################ -->
  	
  	<SubMenu name="30006_PostPaidSetPrefLangChoise" mode="DTMF" 	markPosition="false"	>	
    	<Audio tts="Do you wish to set the selected language
					as your default language for your
					subsequent calls, Press 1
					Else, Press 2">
    		5335.wav    	    
    	</Audio>    
		<Choice dtmf="1" targetType="submenu" targetMode="DTMF"
				targetName="30006_SetDBLangPref"/> 
				                                          	                               	
		<Choice dtmf="2" targetType="submenu" targetMode="DTMF" 
				targetName="30007_Birthday"/> 
	   </SubMenu>
		
  	<!-- ############################ -->
                            
 	<SubMenu name="30006_SetDBLangPref" mode="DTMF" type="BusinessLogic"	markPosition="false">
	
		<MenuDefault cond="LANG NE ENG, LANG NE HIN"
					targetType="submenu" targetMode="DTMF" 
					dest="dbLang:LOCAL"
		        	handler="com.selfserv.ivr.handler.LanguagePreference"
					targetName="30006_ToSetLangChoiceCheckRc"/>    
			         
	
		<MenuDefault targetType="submenu" targetMode="DTMF" 
			        dest="dbLang:$LANG"
		        	handler="com.selfserv.ivr.handler.LanguagePreference"
					targetName="30006_ToSetLangChoiceCheckRc"/>    
	</SubMenu>
            
              	
    <!-- ############################ -->                
              	
	<SubMenu name="30006_ToSetLangChoiceCheckRc" mode="DTMF" type="BusinessLogic"	markPosition="false">
	
		<MenuDefault cond="DBRC EQ S"
		             targetType="submenu" targetMode="DTMF"
			         targetName="30006_ToSetLangUpdateAudioPath"/>	
			         
		<!--  DataBase Link(s) are down -->
		<MenuDefault targetType="submenu" targetMode="DTMF" 
			         targetName="30006_PlaySetLangFailure"/>
			         
	</SubMenu>
	
	<!-- ############################ -->
	
	<!-- Sibyl 07/31/2008 - added this submenu - per Pradeep's req to continue if setLanf Failes-->
	<SubMenu    name="30006_PlaySetLangFailure" mode="DTMF" type="PromptPlay" markPosition="false"> 
		
		<Audio  tts="Sorry we are unable to process your request now.">
				5253.wav
		</Audio>	
		   
		<MenuDefault  targetType="submenu" targetMode="DTMF" 
		    targetName="30006_ToSetLangUpdateAudioPath"/>
  	</SubMenu>	
	
	<!-- ############################ -->

	
	<!-- ############################ -->
	
	<SubMenu    name="30006_ToSetLangUpdateAudioPath" type="BusinessLogic"	mode="DTMF"  markPosition="false"> 
	    <!--  -->
		<MenuDefault cond="dbLang EQ HIN"
		             targetType="submenu" targetMode="DTMF" 
		             dest="LANG:$dbLang"
		             handler="com.selfserv.ivr.handler.SetLang"
			         targetName="30007_Birthday"/>
	    <!--  -->
		<MenuDefault cond="dbLang EQ ENG"
		             targetType="submenu" targetMode="DTMF" 
		             dest="LANG:$dbLang"
		             handler="com.selfserv.ivr.handler.SetLang"
			         targetName="30007_Birthday"/>
			         
		<MenuDefault targetType="submenu" targetMode="DTMF" 
		             dest="LANG:$circle.localLanguage"
		             handler="com.selfserv.ivr.handler.SetLang"
			         targetName="30007_Birthday"/>

	</SubMenu>
	
	<!-- ############################ -->
	
 
  	<SubMenu name="30006_ToSetPrefLangFromDB" mode="DTMF" type="BusinessLogic" markPosition="false">

    <!-- See if wee need to get the audio language path form the "localLang property  -->
	<MenuDefault cond="customer.prefLang NE HIN, customer.prefLang NE ENG"
            targetType="submenu" targetMode="DTMF" 
            dest="LANG:$circle.localLanguage"
            handler="com.selfserv.ivr.handler.SetLang"
       		targetName="30007_Birthday"/>
         
	<MenuDefault targetType="submenu" targetMode="DTMF" 
            dest="LANG:$customer.prefLang"
            handler="com.selfserv.ivr.handler.SetLang"
       		targetName="30007_Birthday"/>
         
	</SubMenu>
 
	
	<!-- ############################ -->
	<!-- ############################ -->
	<!-- ############################ -->
		
	
	<SubMenu    name="30007_Birthday" mode="DTMF" type="BusinessLogic" markPosition="false"> 

		<MenuDefault  targetType="submenu" targetMode="DTMF" 
			handler="com.selfserv.ivr.handler.GetBirthDate"			  
		    targetName="30007_Birthday_CheckIfDate"/>
  	</SubMenu>	
 
 	<!-- ############################ -->
		 	
  	<SubMenu    name="30007_Birthday_CheckIfDate" mode="DTMF" type="BusinessLogic" markPosition="false"> 

		<MenuDefault cond="DBRC EQ S, customer.birthDate NE NULL, customer.birthFlag EQ Y"
			targetType="submenu" targetMode="DTMF" 
			handler="com.selfserv.ivr.handler.BirthDayCheck"			  
		    targetName="30007_CheckBirthDayCheckResults"/>
		    
		<MenuDefault targetType="submenu" targetMode="DTMF" 			  
		    targetName="30009_CheckIfFirstTimeCaller"/>
		    
  	</SubMenu>	
  	
 	<!-- ############################ -->
	
	<SubMenu    name="30007_CheckBirthDayCheckResults" mode="DTMF" type="PromptPlay" markPosition="false"> 

		<MenuDefault  cond="bDayGreeting EQ birthday" 
			handler="com.selfserv.ivr.handler.TableBirth"	
			targetType="submenu" targetMode="DTMF" 			  
		    targetName="30009_PlayBdayGreeting"/>
  
		<MenuDefault  cond="bDayGreeting EQ advanced" 
			targetType="submenu" targetMode="DTMF" 
			handler="com.selfserv.ivr.handler.TableBirth"			  
		    targetName="30009_PlayBdayGreeting"/>
		
		<MenuDefault  cond="bDayGreeting EQ belated" 
			targetType="submenu" targetMode="DTMF" 
			handler="com.selfserv.ivr.handler.TableBirth"			  
		    targetName="30009_PlayBdayGreeting"/>
		    
		<MenuDefault  targetType="submenu" targetMode="DTMF" 
		    targetName="30009_CheckIfFirstTimeCaller"/>
  	</SubMenu>	
  	
  		<!-- ############################ -->
	<!--  Sibyl no audio file names for some greetings !!! -->
	<SubMenu    name="30009_PlayBdayGreeting" mode="DTMF" type="PromptPlay" markPosition="false"> 
		
		<Audio  cond="bDayGreeting EQ birthday" 
				tts="Dear Customer, vodafone wishes you a very happy birthday">
				x10010.wav
		</Audio>	
		
		<Audio  cond="bDayGreeting EQ advanced , customer.playedBirthMsgFlag EQ N" 
				tts="Dear Customer, advanced birthday wishes from Vodafone">
				5009.wav
		</Audio>	
		
		<Audio  cond="bDayGreeting EQ belated, customer.playedBirthMsgFlag EQ N" 
				tts="Dear Customer, wish you belated birthday wishes from Vodafone">
				x10011.wav
		</Audio>	
 		    
		<MenuDefault  targetType="submenu" targetMode="DTMF" 
		    targetName="30009_CheckIfFirstTimeCaller"/>
  	</SubMenu>	
	
	<!-- ############################ -->
	<!-- ############################ -->
	<!-- ############################ -->
	
	<SubMenu name="30009_CheckIfFirstTimeCaller" mode="DTMF" type="BusinessLogic"	markPosition="false">
	
	    <!-- If a 1st time caller go play 1st time caller msg, if not play Promo msg -->
		<MenuDefault cond="customer.firstTimeCallerFlag EQ Y"
		             targetType="submenu" targetMode="DTMF"
			         targetName="30009_PostPaidMainMenu_FirstTime"/>
			         
		<MenuDefault targetType="submenu" targetMode="DTMF" 
			         targetName="30009_PostPaidMainMenu_Promo"/>	
	</SubMenu>
	
	<!-- ############################ -->
	<!-- ############################ -->
	<!-- ############################ -->

	<SubMenu name="30009_PostPaidMainMenu_FirstTime" mode="DTMF" vxml="timeout:1s"	markPosition="false"	>	
    	<Audio tts=""  cond="customer.firstTimeCallerFlag EQ Y">
    		5282.wav    	    
    	</Audio>    

        <Choice dtmf="#" targetType="submenu" targetMode="DTMF"                   
					 dest="queryNextSubMenu:30009_PostPaidMainMenu;
					  	   compliantNextSubMenu:PostPaidComplaintMenu"
			         targetName="CheckForQueryComplaintMenuPost"/>

        <Choice dtmf="*" targetType="submenu" targetMode="DTMF"                   
					 dest="queryNextSubMenu:30009_PostPaidMainMenu;
					  	   compliantNextSubMenu:PostPaidComplaintMenu"
			         targetName="CheckForQueryComplaintMenuPost"/>

        <NoInput count="1" targetType="submenu" targetMode="DTMF"                       
					 dest="queryNextSubMenu:30009_PostPaidMainMenu;
					  	   compliantNextSubMenu:PostPaidComplaintMenu"
			         targetName="CheckForQueryComplaintMenuPost"/>

        <NoMatch count="1" targetType="submenu" targetMode="DTMF"                       
 					 dest="queryNextSubMenu:30009_PostPaidMainMenu;
					  	   compliantNextSubMenu:PostPaidComplaintMenu"
			         targetName="CheckForQueryComplaintMenuPost"/>
	</SubMenu>	
	
	<!-- ############################ -->
	<!-- ############################ -->
	<!-- ############################ -->
					
	<SubMenu name="30009_PostPaidMainMenu_Promo" mode="DTMF" markPosition="false" vxml="timeout:1s">
		
		<!-- National Promptional message audio file is 5012.wav-->
    	<Audio tts="">
    		5012.wav    	    
    	</Audio>    

        <Choice dtmf="#" targetType="submenu" targetMode="DTMF"                   
 					 dest="queryNextSubMenu:30009_PostPaidMainMenu;
					  	   compliantNextSubMenu:PostPaidComplaintMenu"
                     targetName="CheckForQueryComplaintMenuPost"/> 

        <Choice dtmf="*" targetType="submenu" targetMode="DTMF"                   
 					 dest="queryNextSubMenu:30009_PostPaidMainMenu;
					  	   compliantNextSubMenu:PostPaidComplaintMenu"
                     targetName="CheckForQueryComplaintMenuPost"/>  

        <NoInput count="1" targetType="submenu" targetMode="DTMF"                       
 					 dest="queryNextSubMenu:30009_PostPaidMainMenu;
					  	   compliantNextSubMenu:PostPaidComplaintMenu"
                     targetName="CheckForQueryComplaintMenuPost"/>  

        <NoMatch count="1" targetType="submenu" targetMode="DTMF"                       
 					 dest="queryNextSubMenu:30009_PostPaidMainMenu;
					  	   compliantNextSubMenu:PostPaidComplaintMenu"
                     targetName="CheckForQueryComplaintMenuPost"/>                          
	</SubMenu>	
	
	
	<!-- ############################ -->
	<!-- ############################ -->
	<!-- ############################ -->
		
 	<SubMenu name="30009_PostPaidMainMenu" mode="DTMF"   markPosition="true" 
 					set="previousMenu:30009_PostPaidMainMenu;
 						 mainMenuVar:30009_PostPaidMainMenu">   
 
 						      
		<Audio 	tts="Billing and payment related information press 1
				Value added services press 2
				Roaming and ISD related services press 3
				New Connection press 4
				PUK, SIM Loss and Language change press 5">
			5013.wav 5010.wav 5025.wav 5011.wav 5017.wav
		</Audio>
		
		<Choice dtmf="1" targetType="submenu" targetMode="DTMF" 
		        dest="customer.tran_type:QR_POST_BILLTARIFF" 
			    targetName="40000_Billing"/>   <!-- get name from Mike -->

		<Choice dtmf="2" targetType="submenu" targetMode="DTMF"
		        dest="customer.tran_type:QR_POST_VAS"
			    targetName="30022_PostPaidVAS_Promo"/>
			
		<Choice dtmf="3" targetType="submenu" targetMode="DTMF"
		        dest="customer.tran_type:QR_POST_ROAMISD"
			    targetName="30029_PostPaidRoaming_start"/>

		<Choice dtmf="4" targetType="submenu" targetMode="DTMF"
		        dest="customer.tran_type:QR_POST_NEWCONN"
			    targetName="90000_CCEStart"/>	

		<Choice dtmf="5" targetType="submenu" targetMode="DTMF"
		        dest="customer.tran_type:QR_POST_SIMPUK"
			    targetName="30033_PostPaidPUKSIMlossLang"/>						
	</SubMenu>
		
	<!-- ############################ -->
	<!-- ############################ -->
	<!-- ############################ -->
		
	<!-- Postpaid SMS - used by roaming pg 32, and various VAS services -->
	
	<SubMenu name="30032_PostPaidSMS" mode="DTMF" type="BusinessLogic"	markPosition="false">
	
		<MenuDefault targetType="submenu" targetMode="DTMF" 
					 handler="com.selfserv.ivr.handler.SMS" 
		          	 targetName="30032_CheckSMSRc"/>  
	</SubMenu>	
		
	<!-- ############################ -->
	<!-- ############################ -->
	<!-- ############################ -->
	
	
	<SubMenu name="30032_CheckSMSRc" mode="DTMF" type="BusinessLogic"	markPosition="false"	>
	
	    <!-- SMS message sent -->
		<MenuDefault cond="DBRC EQ S"
		             targetType="submenu" targetMode="DTMF"
		             dest="SMSAudioToPlay:5303"
			         targetName="30032_Postpaid_PostSMS"/>
			         	
	    <!-- SMS message not sent -->
		<MenuDefault 
					 targetType="submenu" targetMode="DTMF"
		             dest="SMSAudioToPlay:5253"
			         targetName="30032_Postpaid_PostSMS"/>
	 
	</SubMenu>
	
	<!-- ############################ -->
	<!-- ############################ -->
	<!-- ############################ -->
	
	<SubMenu name="30032_Postpaid_PostSMS" mode="DTMF" vxml="timeout:1s" markPosition="false" >	
		<!-- PrePd Bal and Recharge Promptional message audio file is 5000.wav-->
    	<Audio tts="You will soon receive an SMS on your mobile OR
    				Sorry we are unable to process your request now.">
    		(SMSAudioToPlay:wavfile)	    	    
    	</Audio>    

       <Choice dtmf="#" targetType="submenu" targetMode="DTMF"                   
 					 targetName="GlobalPrompting"/>

        <Choice dtmf="*" targetType="submenu" targetMode="DTMF"                   
 					 targetName="GlobalPrompting"/>

        <NoInput count="1" targetType="submenu" targetMode="DTMF"                       
 					 targetName="GlobalPrompting"/>

        <NoMatch count="1" targetType="submenu" targetMode="DTMF"                       
 					 targetName="GlobalPrompting"/>
	</SubMenu>	
	
		
	<!-- ############################ -->
	<!-- ############################ -->
	<!-- ############################ -->


	<SubMenu name="30033_PostPaidPUKSIMlossLang" mode="DTMF"   markPosition="false" set="previousMenu:30009_PostPaidMainMenu">        
		<Audio
			tts="To report loss of your SIM, press 1">	
				5163.wav
		</Audio>
		<!--  IF (customerFound == N) -->
		<!--  THEN do not offer option 2 Info on PUK  -->		
		<Audio cond="customer.callerFound EQ Y" 
			tts="For information on PUK number, press 2">	
				5164.wav
		</Audio>	
		<!--   -->
		<!--  Always offer the option to set the prefered lang for found POST PAID callers
				"any Postpaid caller that is found in LDB or CDB and is not Inroamer"- per Mike's note 7/28/2008  -->		
		<Audio  cond="customer.callerFound EQ Y, customer.inroamerFlag EQ N"
			tts="To change your preferred language, press 3">	
				5165.wav
		</Audio>			
		<Audio
			tts="To go back to previous menu press hash
				Press star to go to the Main menu">	
				6000.wav	
		</Audio>

		<Choice dtmf="1" targetType="submenu" targetMode="DTMF"
		        dest="customer.tran_type:QR_POST_SIMPUK"
			    targetName="30033_PostPaidSIMLoss"/>
			
		<Choice dtmf="2" cond="customer.callerFound EQ Y"
			targetType="submenu" targetMode="DTMF"
			dest="customer.tran_type:QR_POST_SIMPUK"
			targetName="30034_PostPaidPUK"/>
			
		<Choice dtmf="3" cond="customer.callerFound EQ Y, customer.inroamerFlag EQ N"
			targetType="submenu" targetMode="DTMF"
			targetName="30035_PostPaidSetLang"/>					
	</SubMenu>
	
	<!-- ############################ -->
	<!-- ############################ -->
	<!-- ############################ -->
		
	<SubMenu name="30033_PostPaidSIMLoss" mode="DTMF" type="BusinessLogic"  markPosition="true" >        

		<MenuDefault targetType="submenu" targetMode="DTMF"
				     handler="com.selfserv.ivr.handler.SIMLoss"
			         targetName="90000_CCEStart"/>
 	<!-- We do not need to look at DBRC - the handler will log an error if unsuccessful -->
	</SubMenu>		   
	
	<!-- ############################ -->
	<!-- ############################ -->
	<!-- ############################ -->
	
	<SubMenu name="30035_PostPaidSetLang" mode="DTMF" type="BusinessLogic"  markPosition="true" > 
		<MenuDefault dest="previousMenu:30033_PostPaidPUKSIMlossLang"
					 targetType="submenu" targetMode="DTMF"
			         targetName="ToSetLangChoiceInit" />
	</SubMenu>	
		   
	<!-- ############################ -->
	<!-- ############################ -->
	<!-- ############################ -->
	
	<SubMenu name="30034_PostPaidPUK" mode="DTMF" type="BusinessLogic"  markPosition="true" >        
		<MenuDefault dest="previousMenu:30033_PostPaidPUKSIMlossLang" 
					targetType="submenu" targetMode="DTMF"
			        targetName="55000_PUKStart" />
	</SubMenu>
	
	<!-- ############################ -->
	<!-- ############################ -->
	<!-- ############################ -->
	
</CallRouting>