<?xml version="1.0" encoding="UTF-8"?>

<CallRouting name="PostPaidBillingTarPlan" releaseVersion="0.0" fileVersion="0.0"
	start="" startMode="" audioDir=""
	xmlns="http://ibm.com/ivr/framework/model"
	xmlns:xsi="http://www.w3.org/2001/XMLSchema-instance" 
	xsi:schemaLocation="http://ibm.com/ivr/framework/model IVRFramework.xsd">

    <!--  										        -->
	<!-- Starting point for PostPaid Billing Callflow 	-->
	<!-- 	Call Flow page 10					        -->
	<!--  										        -->
	
	<Operator/>

 		
		            <!-- ############################ -->
		            <!-- ############################ -->
		            <!-- ############################ -->
		            
	<!-- When calling this menu please issue a dest="40021_DupItmBillPrevMenu:XXX"  -->
	<!-- Where XXX is the previous menu to return to upon entry into this menu.   This menu can be used by pages 21 & 66 -->
	<!-- Assuming the doc is accurate -->
		            
	<SubMenu name="40021_TarPlnOfrs" mode="DTMF" type="BusinessLogic" markPosition="false"
	                                             set="previousMenu:$40021_DupItmBillPrevMenu">

	    <!--  -->
		<MenuDefault targetType="submenu" targetMode="DTMF" 
			         targetName="40021_TarPlnOfrsMain"/>
			         
	</SubMenu>
	
	<!-- ############################ -->
				   	
	<SubMenu name="40021_TarPlnOfrsMain" mode="DTMF"   markPosition="true"> 
	     
	    <!--   -->	   
		<Audio tts="To know details about your new offers just dial 555 
		                  and we will help you know best deals available for you.
		            If you wish to change your current tariff plan press 1
		            To go back to the previous menu press # To go back to the main menu press *">	
				5147.wav
				5148.wav
				6000.wav
		</Audio>
		
		<Choice dtmf="1"         
		        targetType="submenu" targetMode="DTMF"
			    targetName="90000_CCEStart"/>
								
	</SubMenu>
	

</CallRouting>