<?xml version="1.0" encoding="UTF-8"?>

<CallRouting name="PostPaidBillingPayCtrs" releaseVersion="0.0" fileVersion="0.0"
	start="" startMode="" audioDir=""
	xmlns="http://ibm.com/ivr/framework/model"
	xmlns:xsi="http://www.w3.org/2001/XMLSchema-instance" 
	xsi:schemaLocation="http://ibm.com/ivr/framework/model IVRFramework.xsd">

    <!--  										-->
	<!-- Starting point for PostPaid Billing Callflow 	-->
	<!-- 	Call Flow page 10					-->
	<!--  										-->
	
	<Operator/>

 		
		            <!-- ############################ -->
		            <!-- ############################ -->
		            <!-- ############################ -->
		<!-- When calling this menu please issue a dest="40016_PaymentCentersPrevMenu:XXX"  -->
	    <!-- Where XXX is the previous menu to return to upon entry into this menu.   This menu can be used by pages 16 & 61 -->
		            
	<SubMenu name="40016_PaymentCenters" mode="DTMF" type="BusinessLogic" markPosition="false" 
	                                                 set="previousMenu:$40016_PaymentCentersPrevMenu;
	                                                      zipPinErrCount:0">
	
		<!--  -->
		<MenuDefault targetType="submenu" targetMode="DTMF" 
			         targetName="40016_PaymentCentersMenu"/>
			         
	</SubMenu>
	
	<!-- ############################ -->
				   	
	<SubMenu name="40016_PaymentCentersMenu" mode="DTMF"   markPosition="true"> 
	     
	    <!--   -->	   
		<Audio tts="To receive payment center details nearest to your Billing address press 1
		            To receive payment center details for any other location press 2">	
				5066.wav
				5071.wav
				6000.wav
		</Audio>
		

		<Choice dtmf="1"         
		        targetType="submenu" targetMode="DTMF"
		        dest="smsPin:$customer.billBillZipCode;
		              smsTranType:BillPaymentCenters;
		              previousMenu:40016_PaymentCenters"
		        handler="com.selfserv.ivr.handler.SMSBilling"
			    targetName="40016_CheckPayCtrRc"/>

		<Choice dtmf="2"
				dest="previousMenu:40016_PaymentCenters"         
		        targetType="submenu" targetMode="DTMF"
			    targetName="40016_CollectZipPin"/>
								
	</SubMenu>
	
	<!-- ############################ -->

 	<SubMenu name="40016_CollectZipPin" mode="DTMF"   markPosition="false" vxml="interdigittimeout:3s">        
		<Audio
			tts="Please enter the 6 digit postal pincode of the location where you would like to pay your bill">	
				5055.wav	
		</Audio>	
		<Grammar>digits6.grxml</Grammar>					
		<Choice dtmf="@digits6" targetType="submenu" 		  
			      dest="smsPin:$digits6;
		                smsTranType:BillPaymentCenters"
			      handler="com.selfserv.ivr.handler.SMSBilling"
		          targetName="40016_CheckPayCtrRc"/>  

		  <!-- Added the catch of * #  and treat as NoMatch NoInput.  These options are not allowed here.  -->                                       	                               	
  	                               	
		<Choice dtmf="*" 
		        targetType="submenu" targetMode="DTMF"
		        dest="invIpt:true"
				targetName="40016_CollectZipPinErrCount"/> 
				                                          	                               	
		<Choice dtmf="#" 
		        targetType="submenu" targetMode="DTMF"
		        dest="invIpt:true"
				targetName="40016_CollectZipPinErrCount"/> 
				
          <NoInput count="1"  
                   targetType="submenu" targetMode="DTMF"
                   dest="invIpt:false"
                   targetName="40016_CollectZipPinErrCount"> 
          </NoInput>
          
          <NoMatch count="1"  
                   targetType="submenu" targetMode="DTMF"
                   dest="invIpt:true" 
                   targetName="40016_CollectZipPinErrCount"> 
          </NoMatch>
				          
	</SubMenu>
 		            <!-- ############################ -->
		
	<SubMenu name="40016_CollectZipPinErrCount" mode="DTMF" type="BusinessLogic" markPosition="false">	

		<MenuDefault cond="zipPinErrCount EQ 0"
		             dest="zipPinErrCount:1"
		             targetType="submenu" targetMode="DTMF"
			         targetName="40016_CollectZipPinAudio"/>
		         
		<MenuDefault cond="zipPinErrCount EQ 1"
		             targetType="submenu" targetMode="DTMF" 
			         targetName="90000_MaxTrials"/>		         

	</SubMenu>
		            <!-- ############################ -->
		            
	<SubMenu name="40016_CollectZipPinAudio" mode="DTMF" type="PromptPlay"	markPosition="false">
	
    	<Audio   cond="invIpt EQ true"
    	         tts="Sorry that was an invalid entry. Please try again">
                 5270.wav
    	</Audio>    
	
    	<Audio   cond="invIpt NE true"
    	         tts="Please provide an input">
                 5269.wav
    	</Audio>    
    	
 		<MenuDefault targetType="submenu" targetMode="DTMF"
			         targetName="40016_CollectZipPin"/>
			         
	</SubMenu>
	
		            <!-- ############################ -->
		            	
 	<SubMenu name="40016_CheckPayCtrRc" mode="DTMF" type="BusinessLogic"	markPosition="false" >
	
	    <!-- SMS message sent -->
	    <!-- Msg to play = Thank you for your input! You will receive the address details through SMS on your Vodafone mobile phone, shortly. -->
		<MenuDefault cond="DBRC EQ S"
		             targetType="submenu" targetMode="DTMF"
		             dest="smsBillingAudioToPlay:5057"
			         targetName="40016_smsPlayResult"/>
	 
	 	<!-- zipPin not found in DB  search -->
	 	<!-- Msg to play = Sorry there are no details available for this pincode -->
		<MenuDefault cond="DBRC EQ F_NF"					 
		             targetType="submenu" targetMode="DTMF"
		             dest="smsBillingAudioToPlay:5056" 
			         targetName="40016_smsPlayResult"/>
			         	
	    <!-- SMS message not sent -->
	    <!-- Msg to play = Sorry we are unable to process your request now -->
		<MenuDefault targetType="submenu" targetMode="DTMF"
		             dest="smsBillingAudioToPlay:5253"
			         targetName="40016_smsPlayResult"/>
			         
	</SubMenu>
	
		            <!-- ############################ -->
		            
	<SubMenu name="40016_smsPlayResult" mode="DTMF" type="PromptPlay" clearDTMFBuffer="true" markPosition="false">
	
    	<Audio   tts="See SubMenu 40016_CheckPayCtrRc for details">
                 (smsBillingAudioToPlay:wavfile)
    	</Audio>    
	    	
 		<MenuDefault targetType="submenu" targetMode="DTMF"
			         targetName="GlobalPrompting"/>
			         
	</SubMenu>
 
</CallRouting>