<?xml version="1.0" encoding="UTF-8"?>

<CallRouting name="PostPaidBillingPayByCC" releaseVersion="0.0" fileVersion="0.0"
	start="" startMode="" audioDir=""
	xmlns="http://ibm.com/ivr/framework/model"
	xmlns:xsi="http://www.w3.org/2001/XMLSchema-instance" 
	xsi:schemaLocation="http://ibm.com/ivr/framework/model IVRFramework.xsd">

    <!--  										-->
	<!-- Starting point for PostPaid Billing Callflow 	-->
	<!-- 	Call Flow page 10					-->
	<!--  										-->
	
	<Operator/>

 		
		            <!-- ############################ -->
		            <!-- ############################ -->
		            <!-- ############################ -->
		            
	<!--  mirt@us.ibm.com - Michael Mirt/Fort Lauderdale/IBM: ccReturnMenu:none   -->
	
	<!-- This logic covers from pages 12 thu 15 of the Call-Flow -->
	<!-- At this time * and # are not allowed from this point on in the CC flow.  May want to consider adding a confirmation -->	
	<!-- after the disclaimer to let the caller * or # out of here..   but for now once you enter you can't back out -->
		            
	<SubMenu name="40000_PayByCC" mode="DTMF" type="BusinessLogic" markPosition="false" set="getCCNumCount:0;
                                                                                             getCCNumCollectCount:0;
                                                                                             getCCNumInvCount:0;
                                                                                             getCCExpDateCount:0;
                                                                                             getCCExpDateCollectCount:0;
                                                                                             getCCExpDateInvCount:0;
                                                                                             getCCExpDateCheckCount:0;
                                                                                             getExpDateConfirmInvCount:0;
                                                                                             getCVVNumCollectCount:0;
                                                                                             getPlayDepositInvCount:0;
                                                                                             getCCAmountCollectCount:0;
                                                                                             getEnterCCAmountConfirmInvCount:0;
                                                                                             getCCAmountCount:0;
                                                                                             getCCAmountVerifyCount:0;
                                                                                             getCVVNumCount:0;
                                                                                             getCVVNumInvCount:0">

	    <!--  -->
		<MenuDefault targetType="submenu" targetMode="DTMF" 
			         targetName="40012_Disclaimer"/>
			         
	</SubMenu>
		            <!-- ############################ -->
		            
	<SubMenu name="40012_Disclaimer"  mode="DTMF" type="PromptPlay"  markPosition="true">  
	        
	    <!--   Play Prompt to customer -->
		<Audio
			tts="Please note you are going to authorise a financial transaction on a secure mode 
			     and by doing so accept the terms and conditions elaborated on our site www.vodafone.in. 
			     Your credit card will be debited and your account credited on a successful transaction.">
			5038.wav
		</Audio>
		
        <MenuDefault targetType="submenu" targetMode="DTMF"
                targetName="40012_CollectCCNumber"/>	
                	
	</SubMenu>
	
		            <!-- ############################ -->
	
       <SubMenu    name="40012_CollectCCNumber" mode="DTMF"  markPosition="false" vxml="interdigittimeout:3s"> 

           <!--  -->
		   <Audio tts="Please enter  your 16 digit credit card number followed by # key">
				       5039.wav
		   </Audio>
		   
		  <Grammar>digits16.grxml</Grammar>
			<!--   -->
		  <Choice dtmf="@digits16" targetType="submenu" 
			      dest="ccNumberEntered:$digits16"
			      targetName="40012_EnterCCNumberConfirm"/>
		          
		<!-- Added the catch of * # 9 and treat as NoMatch NoInput.  These options are not allowed here.  -->                                       	                               	
		  <Choice dtmf="9" 
		          targetType="submenu" targetMode="DTMF"
		          dest="invIpt:true"
			      targetName="40012_CheckCCCollectCount"/> 
				                                          	                               	
		  <Choice dtmf="*" 
		          targetType="submenu" targetMode="DTMF"
		          dest="invIpt:true"
			      targetName="40012_CheckCCCollectCount"/> 
			      
          <!-- 	Need to verify the # is being received as the grammar termination	 -->		                                          	                               	
		  <Choice dtmf="#" 
		          targetType="submenu" targetMode="DTMF"
		          dest="invIpt:true"
			      targetName="40012_CheckCCCollectCount"/> 
         
		          
          <NoInput count="1"  targetType="submenu" dest="invIpt:false" targetMode="DTMF" targetName="40012_CheckCCCollectCount"> </NoInput>
          <NoMatch count="1"  targetType="submenu" dest="invIpt:true" targetMode="DTMF" targetName="40012_CheckCCCollectCount"> </NoMatch>
 
	   </SubMenu>
			            <!-- ############################ -->
	
	<SubMenu name="40012_CheckCCCollectCount" mode="DTMF" type="BusinessLogic"	markPosition="false">
	
		<MenuDefault cond="getCCNumCollectCount EQ 0"
		             dest="getCCNumCollectCount:1"
		             targetType="submenu" targetMode="DTMF" 
			         targetName="40012_CheckCCCollectCountAudio"/>
			         
	
		<MenuDefault targetType="submenu" targetMode="DTMF" 
			         targetName="90000_MaxTrials"/>
			         
	</SubMenu>
		            <!-- ############################ -->
		            
	<SubMenu name="40012_CheckCCCollectCountAudio" mode="DTMF" type="PromptPlay"	markPosition="false">
	
    	<Audio   cond="invIpt EQ true"
    	         tts="Sorry that was an invalid entry. Please try again">
                 5270.wav
    	</Audio>    
	
    	<Audio   cond="invIpt NE true"
    	         tts="Please provide an input">
                 5269.wav
    	</Audio>    
    	
 		<MenuDefault targetType="submenu" targetMode="DTMF"
			         targetName="40012_CollectCCNumber"/>
			         
	</SubMenu>
	   
	    
		            <!-- ############################ -->
		            <!-- ############################ -->
		            <!-- ############################ -->
		            <!-- ############################ -->
	
	
       <SubMenu    name="40012_EnterCCNumberConfirm" mode="DTMF"   markPosition="false" clearDTMFBuffer="true"> 

		   <Audio tts="You have entered">
				       5040.wav
				       (ccNumberEntered:digits)
				       5041.wav
				       5042.wav
		   </Audio>
		   
		<Choice dtmf="1" targetType="submenu" targetMode="DTMF"
				targetName="40012_CollectCCExpDate"/> 
				                                          	                               	
		<Choice dtmf="2" targetType="submenu" targetMode="DTMF" 
				targetName="40012_CheckCCNumCount"/> 
				
		<!-- Added the catch of * # 9 and treat as NoMatch NoInput.  These options are not allowed here.  -->
		                                       	                               	
		<Choice dtmf="9" 
		        targetType="submenu" targetMode="DTMF"
		        dest="invIpt:true"
				targetName="40012_CheckCCInvCount"/> 
				                                          	                               	
		<Choice dtmf="*" 
		        targetType="submenu" targetMode="DTMF"
		        dest="invIpt:true"
				targetName="40012_CheckCCInvCount"/> 
				                                          	                               	
		<Choice dtmf="#" 
		        targetType="submenu" targetMode="DTMF"
		        dest="invIpt:true"
				targetName="40012_CheckCCInvCount"/> 
				
          <NoInput count="1"  
                   targetType="submenu" targetMode="DTMF"
                   dest="invIpt:false"
                   targetName="40012_CheckCCInvCount"> 
          </NoInput>
          
          <NoMatch count="1"  
                   targetType="submenu" targetMode="DTMF"
                   dest="invIpt:true" 
                   targetName="40012_CheckCCInvCount"> 
          </NoMatch>
				
	   </SubMenu>
		            <!-- ############################ -->
	
	<SubMenu name="40012_CheckCCNumCount" mode="DTMF" type="BusinessLogic"	markPosition="false">
	
		<MenuDefault cond="getCCNumCount EQ 0"
		             dest="getCCNumCount:1"
		             targetType="submenu" targetMode="DTMF" 
			         targetName="40012_CollectCCNumber"/>
			         
		<MenuDefault cond="getCCNumCount EQ 1"
		             dest="getCCNumCount:2"
		             targetType="submenu" targetMode="DTMF" 
			         targetName="40012_CollectCCNumber"/>
			         
	
		<MenuDefault cond="getCCNumCount EQ 2"
		             targetType="submenu" targetMode="DTMF" 
			         targetName="90000_CCEStart"/>
			         
	</SubMenu>
	   
		            <!-- ############################ -->
	
	<SubMenu name="40012_CheckCCInvCount" mode="DTMF" type="BusinessLogic"	markPosition="false">
	
		<MenuDefault cond="getCCNumInvCount EQ 0"
		             dest="getCCNumInvCount:1"
		             targetType="submenu" targetMode="DTMF" 
			         targetName="40012_CheckCCInvCountAudio"/>
			         
	
		<MenuDefault targetType="submenu" targetMode="DTMF" 
			         targetName="90000_MaxTrials"/>
			         
	</SubMenu>
		            <!-- ############################ -->
		            
	<SubMenu name="40012_CheckCCInvCountAudio" mode="DTMF" type="PromptPlay"	markPosition="false">
	
    	<Audio   cond="invIpt EQ true"
    	         tts="Sorry that was an invalid entry. Please try again">
                 5270.wav
    	</Audio>    
	
    	<Audio   cond="invIpt NE true"
    	         tts="Please provide an input">
                 5269.wav
    	</Audio>    
    	
 		<MenuDefault targetType="submenu" targetMode="DTMF"
			         targetName="40012_EnterCCNumberConfirm"/>
			         
	</SubMenu>

	    
		            <!-- ############################ -->
		            <!-- ############################ -->
		            <!-- ############################ -->
	

       <SubMenu    name="40012_CollectCCExpDate" mode="DTMF"  markPosition="false" vxml="interdigittimeout:3s"> 

           <!--  -->
		   <Audio tts="Please enter your credit card expiry date in MMYY format,
		               for example if the credit card expiry date is July 2009 then please enter 0709">
				       5044.wav
		   </Audio>
		   
		  <Grammar>digits4.grxml</Grammar>
		
			<!--   -->
		  <Choice dtmf="@digits4" targetType="submenu" 
			      dest="ccExpDateEntered:$digits4"
			      handler="com.selfserv.ivr.handler.CCDate"
			      targetName="40012_EnterCCExpDateCheckRc"/>
		          
		<!-- Added the catch of * # 9 and treat as NoMatch NoInput.  These options are not allowed here.  -->                                       	                               	
		  <Choice dtmf="9" 
		          targetType="submenu" targetMode="DTMF"
		          dest="invIpt:true"
			      targetName="40012_CheckCCExpDateCollectCount"/> 
				                                          	                               	
		  <Choice dtmf="*" 
		          targetType="submenu" targetMode="DTMF"
		          dest="invIpt:true"
			      targetName="40012_CheckCCExpDateCollectCount"/> 
			      
          <!-- 		-->		                                          	                               	
		  <Choice dtmf="#" 
		          targetType="submenu" targetMode="DTMF"
		          dest="invIpt:true"
			      targetName="40012_CheckCCExpDateCollectCount"/>          
		          
          <NoInput count="1"  targetType="submenu" dest="invIpt:false" targetMode="DTMF" targetName="40012_CheckCCExpDateCollectCount"> </NoInput>
          <NoMatch count="1"  targetType="submenu" dest="invIpt:true" targetMode="DTMF" targetName="40012_CheckCCExpDateCollectCount"> </NoMatch>
 
	   </SubMenu>
	   			            <!-- ############################ -->
	
	<SubMenu name="40012_CheckCCExpDateCollectCount" mode="DTMF" type="BusinessLogic"	markPosition="false">
	
		<MenuDefault cond="getCCExpDateCollectCount EQ 0"
		             dest="getCCExpDateCollectCount:1"
		             targetType="submenu" targetMode="DTMF" 
			         targetName="40012_CheckCCExpDateCollectCountAudio"/>
			         
	
		<MenuDefault targetType="submenu" targetMode="DTMF" 
			         targetName="90000_MaxTrials"/>
			         
	</SubMenu>
		            <!-- ############################ -->
		            
	<SubMenu name="40012_CheckCCExpDateCollectCountAudio" mode="DTMF" type="PromptPlay"	markPosition="false">
	
    	<Audio   cond="invIpt EQ true"
    	         tts="Sorry that was an invalid entry. Please try again">
                 5270.wav
    	</Audio>    
	
    	<Audio   cond="invIpt NE true"
    	         tts="Please provide an input">
                 5269.wav
    	</Audio>    
    	
 		<MenuDefault targetType="submenu" targetMode="DTMF"
			         targetName="40012_CollectCCExpDate"/>
			         
	</SubMenu>
		       
		            <!-- ############################ -->
		            <!-- ############################ -->
		            <!-- ############################ -->

	<SubMenu name="40012_EnterCCExpDateCheckRc" mode="DTMF" type="BusinessLogic" markPosition="false">
	
		<MenuDefault cond="ccExpDateValid EQ true"
		             targetType="submenu" targetMode="DTMF" 
			         targetName="40012_CheckCCExpDateConfirm"/>
			         
	
		<MenuDefault targetType="submenu" targetMode="DTMF" 
			         targetName="40012_CheckCCExpDateCheckValidCount"/>
			         
	</SubMenu>
	
		            <!-- ############################ -->
	
	<SubMenu name="40012_CheckCCExpDateCheckValidCount" mode="DTMF" type="BusinessLogic"	markPosition="false">
	
		<MenuDefault cond="getCCExpDateCheckCount EQ 0"
		             dest="getCCExpDateCheckCount:1"
		             targetType="submenu" targetMode="DTMF" 
			         targetName="40012_CheckCCExpDateInValidAudio"/>

	
		<MenuDefault cond="getCCExpDateCheckCount EQ 1"
		             dest="getCCExpDateCheckCount:2"
		             targetType="submenu" targetMode="DTMF" 
			         targetName="40012_CheckCCExpDateInValidAudio"/>
			         
	
		<MenuDefault targetType="submenu" targetMode="DTMF" 
			         targetName="90000_MaxTrials"/>
			         
	</SubMenu>
	
	<SubMenu name="40012_CheckCCExpDateCheckValidCountMsgBypass" mode="DTMF" type="BusinessLogic"	markPosition="false">
	
		<MenuDefault cond="getCCExpDateCheckCount EQ 0"
		             dest="getCCExpDateCheckCount:1"
		             targetType="submenu" targetMode="DTMF" 
			         targetName="40012_CollectCCExpDate"/>

	
		<MenuDefault cond="getCCExpDateCheckCount EQ 1"
		             dest="getCCExpDateCheckCount:2"
		             targetType="submenu" targetMode="DTMF" 
			         targetName="40012_CollectCCExpDate"/>
			         
	
		<MenuDefault targetType="submenu" targetMode="DTMF" 
			         targetName="90000_MaxTrials"/>
			         
	</SubMenu>
	
	
		            <!-- ############################ -->

	<SubMenu name="40012_CheckCCExpDateInValidAudio" mode="DTMF" type="PromptPlay"	markPosition="false">
	
    	<Audio   tts="Sorry your expiry Year + Month was invalid">
                 5045.wav
    	</Audio>    
	    	
 		<MenuDefault targetType="submenu" targetMode="DTMF"
			         targetName="40012_CollectCCExpDate"/>
			         
	</SubMenu>
		       
		            <!-- ############################ -->
		            <!-- ############################ -->
		            <!-- ############################ -->


       <SubMenu    name="40012_CheckCCExpDateConfirm" mode="DTMF"  clearDTMFBuffer="true" markPosition="false" > 

		   <Audio tts="You have entered">
				       5040.wav
				       (ccExpDateEntered:MMYY)
				       5041.wav
				       5042.wav
		   </Audio>
		   
		<!--  -->   
		<Choice dtmf="1" targetType="submenu" targetMode="DTMF"
				targetName="40012_CollectCVVNumber"/> 
				                                          	                               	
		<Choice dtmf="2" targetType="submenu" targetMode="DTMF" 
				targetName="40012_CheckCCExpDateCheckValidCountMsgBypass"/> 
				
		<!-- Added the catch of * # 9 and treat as NoMatch NoInput.  These options are not allowed here.  -->
		                                       	                               	
		<Choice dtmf="9" 
		        targetType="submenu" targetMode="DTMF"
		        dest="invIpt:true"
				targetName="40012_CheckExpDateConfirmInvCount"/> 
				                                          	                               	
		<Choice dtmf="*" 
		        targetType="submenu" targetMode="DTMF"
		        dest="invIpt:true"
				targetName="40012_CheckExpDateConfirmInvCount"/> 
				                                          	                               	
		<Choice dtmf="#" 
		        targetType="submenu" targetMode="DTMF"
		        dest="invIpt:true"
				targetName="40012_CheckExpDateConfirmInvCount"/> 
				
          <NoInput count="1"  
                   targetType="submenu" targetMode="DTMF"
                   dest="invIpt:false"
                   targetName="40012_CheckExpDateConfirmInvCount"> 
          </NoInput>
          
          <NoMatch count="1"  
                   targetType="submenu" targetMode="DTMF"
                   dest="invIpt:true" 
                   targetName="40012_CheckExpDateConfirmInvCount"> 
          </NoMatch>
				
	   </SubMenu>

		            <!-- ############################ -->
	
	<SubMenu name="40012_CheckExpDateConfirmInvCount" mode="DTMF" type="BusinessLogic"	markPosition="false">
	
		<MenuDefault cond="getExpDateConfirmInvCount EQ 0"
		             dest="getExpDateConfirmInvCount:1"
		             targetType="submenu" targetMode="DTMF" 
			         targetName="40012_CheckExpDateConfirmInvCountAudio"/>
			         
	
		<MenuDefault targetType="submenu" targetMode="DTMF" 
			         targetName="90000_MaxTrials"/>
			         
	</SubMenu>
		            <!-- ############################ -->
		            
	<SubMenu name="40012_CheckExpDateConfirmInvCountAudio" mode="DTMF" type="PromptPlay"	markPosition="false">
	
    	<Audio   cond="invIpt EQ true"
    	         tts="Sorry that was an invalid entry. Please try again">
                 5270.wav
    	</Audio>    
	
    	<Audio   cond="invIpt NE true"
    	         tts="Please provide an input">
                 5269.wav
    	</Audio>    
    	
 		<MenuDefault targetType="submenu" targetMode="DTMF"
			         targetName="40012_CheckCCExpDateConfirm"/>
			         
	</SubMenu>

		            <!-- ############################ -->
		            <!-- ############################ -->
		            <!-- ############################ -->

       <SubMenu    name="40012_CollectCVVNumber" mode="DTMF"  markPosition="false" vxml="interdigittimeout:3s"> 

           <!--  -->
		   <Audio tts="Please enter  your 3 digit CVV number">
				       5046.wav
		   </Audio>
		   
		  <Grammar>digits3.grxml</Grammar>
		
			<!--   -->
		  <Choice dtmf="@digits" targetType="submenu" 
			      dest="cvvNumberEntered:$digits3"
			      targetName="40012_EnterCVVNumberConfirm"/>
		          
		<!-- Added the catch of * # 9 and treat as NoMatch NoInput.  These options are not allowed here.  -->                                       	                               	
		  <Choice dtmf="9" 
		          targetType="submenu" targetMode="DTMF"
		          dest="invIpt:true"
			      targetName="40012_CheckCVVCollectCount"/> 
				                                          	                               	
		  <Choice dtmf="*" 
		          targetType="submenu" targetMode="DTMF"
		          dest="invIpt:true"
			      targetName="40012_CheckCVVCollectCount"/> 
			      
          <!-- 	Need to verify the # is being received as the grammar termination -->			                                          	                               	
		  <Choice dtmf="#" 
		          targetType="submenu" targetMode="DTMF"
		          dest="invIpt:true"
			      targetName="40012_CheckCVVCollectCount"/>         
		          
          <NoInput count="1"  targetType="submenu" dest="invIpt:false" targetMode="DTMF" targetName="40012_CheckCVVCollectCount"> </NoInput>
          <NoMatch count="1"  targetType="submenu" dest="invIpt:true" targetMode="DTMF" targetName="40012_CheckCVVCollectCount"> </NoMatch>
 
	   </SubMenu>
	   
			            <!-- ############################ -->
	
	<SubMenu name="40012_CheckCVVCollectCount" mode="DTMF" type="BusinessLogic"	markPosition="false">
	
		<MenuDefault cond="getCVVNumCollectCount EQ 0"
		             dest="getCVVNumCollectCount:1"
		             targetType="submenu" targetMode="DTMF" 
			         targetName="40012_CheckCVVCollectCountAudio"/>
			         
	
		<MenuDefault targetType="submenu" targetMode="DTMF" 
			         targetName="90000_MaxTrials"/>
			         
	</SubMenu>
		            <!-- ############################ -->
		            
	<SubMenu name="40012_CheckCVVCollectCountAudio" mode="DTMF" type="PromptPlay"	markPosition="false">
	
    	<Audio   cond="invIpt EQ true"
    	         tts="Sorry that was an invalid entry. Please try again">
                 5270.wav
    	</Audio>    
	
    	<Audio   cond="invIpt NE true"
    	         tts="Please provide an input">
                 5269.wav
    	</Audio>    
    	
 		<MenuDefault targetType="submenu" targetMode="DTMF"
			         targetName="40012_CollectCVVNumber"/>
			         
	</SubMenu>


	
		            <!-- ############################ -->
		            <!-- ############################ -->
	
	<SubMenu name="40012_EnterCVVNumberConfirmNext" mode="DTMF" type="BusinessLogic" markPosition="false">
	
		<MenuDefault cond="ccTranType EQ D"
		             targetType="submenu" targetMode="DTMF" 
			         targetName="40012_EnterCVVNumberPlayDeposit"/>
	
		<MenuDefault targetType="submenu" targetMode="DTMF" 
			         targetName="40012_EnterCCAmount"/>
			         
	</SubMenu>
	
		            <!-- ############################ -->
		            <!-- ############################ -->
	
	<SubMenu name="40012_EnterCVVNumberConfirm" mode="DTMF" type="BusinessLogic" markPosition="false">
	
		<MenuDefault cond="cvvNumberEntered EQ 000"
		             targetType="submenu" targetMode="DTMF"
		             dest="invIpt:true" 
			         targetName="40012_CheckCVVCollectCount"/>
			         
		<MenuDefault targetType="submenu" targetMode="DTMF" 
			         targetName="40012_EnterCVVNumberConfirmNext"/>
<!-- 			         targetName="40012_EnterCVVNumberConfirmCheck"/> -->
			         
	</SubMenu>
	
	
	
		            <!-- ############################ -->
		            <!-- ############################ -->
		            <!-- ############################ -->
		            <!-- ############################ -->
	
	
       <SubMenu    name="40012_EnterCVVNumberConfirmCheck" mode="DTMF"   markPosition="false" clearDTMFBuffer="true"> 

		   <Audio tts="You have entered">
				       5040.wav
				       (cvvNumberEntered:digits)
				       5041.wav
				       5042.wav
		   </Audio>
		   
		<Choice dtmf="1" targetType="submenu" targetMode="DTMF"
				targetName="40012_EnterCVVNumberConfirmNext"/> 
				                                          	                               	
		<Choice dtmf="2" targetType="submenu" targetMode="DTMF" 
				targetName="40012_CheckCVVNumCount"/> 
				
		<!-- Added the catch of * # 9 and treat as NoMatch NoInput.  These options are not allowed here.  -->
		                                       	                               	
		<Choice dtmf="9" 
		        targetType="submenu" targetMode="DTMF"
		        dest="invIpt:true"
				targetName="40012_CheckCVVInvCount"/> 
				                                          	                               	
		<Choice dtmf="*" 
		        targetType="submenu" targetMode="DTMF"
		        dest="invIpt:true"
				targetName="40012_CheckCVVInvCount"/> 
				                                          	                               	
		<Choice dtmf="#" 
		        targetType="submenu" targetMode="DTMF"
		        dest="invIpt:true"
				targetName="40012_CheckCVVInvCount"/> 
				
          <NoInput count="1"  
                   targetType="submenu" targetMode="DTMF"
                   dest="invIpt:false"
                   targetName="40012_CheckCVVInvCount"> 
          </NoInput>
          
          <NoMatch count="1"  
                   targetType="submenu" targetMode="DTMF"
                   dest="invIpt:true" 
                   targetName="40012_CheckCVVInvCount"> 
          </NoMatch>
				
	   </SubMenu>
		            <!-- ############################ -->
	
	<SubMenu name="40012_CheckCVVNumCount" mode="DTMF" type="BusinessLogic"	markPosition="false">
	
		<MenuDefault cond="getCVVNumCount EQ 0"
		             dest="getCVVNumCount:1"
		             targetType="submenu" targetMode="DTMF" 
			         targetName="40012_CollectCVVNumber"/>
			         
		<MenuDefault cond="getCVVNumCount EQ 1"
		             dest="getCVVNumCount:2"
		             targetType="submenu" targetMode="DTMF" 
			         targetName="40012_CollectCVVNumber"/>
			         
	
		<MenuDefault cond="getCVVNumCount EQ 2"
		             targetType="submenu" targetMode="DTMF" 
			         targetName="90000_CCEStart"/>
			         
	</SubMenu>
	   
		            <!-- ############################ -->
	
	<SubMenu name="40012_CheckCVVInvCount" mode="DTMF" type="BusinessLogic"	markPosition="false">
	
		<MenuDefault cond="getCVVNumInvCount EQ 0"
		             dest="getCVVNumInvCount:1"
		             targetType="submenu" targetMode="DTMF" 
			         targetName="40012_CheckCVVInvCountAudio"/>
			         
	
		<MenuDefault targetType="submenu" targetMode="DTMF" 
			         targetName="90000_MaxTrials"/>
			         
	</SubMenu>
		            <!-- ############################ -->
		            
	<SubMenu name="40012_CheckCVVInvCountAudio" mode="DTMF" type="PromptPlay"	markPosition="false">
	
    	<Audio   cond="invIpt EQ true"
    	         tts="Sorry that was an invalid entry. Please try again">
                 5270.wav
    	</Audio>    
	
    	<Audio   cond="invIpt NE true"
    	         tts="Please provide an input">
                 5269.wav
    	</Audio>    
    	
 		<MenuDefault targetType="submenu" targetMode="DTMF"
			         targetName="40012_EnterCVVNumberConfirmCheck"/>
			         
	</SubMenu>
			   
		            <!-- ############################ -->
		            <!-- ############################ -->
		            <!-- ############################ -->
		            
       <SubMenu    name="40012_EnterCVVNumberPlayDeposit" mode="DTMF"  clearDTMFBuffer="true" markPosition="false" > 

		   <Audio tts="You are going to pay a deposite of">
				       5054.wav
				       (ccCallFromRoamingDepAmt:rupeewhole)
				       5041.wav
				       5042.wav
		   </Audio>
		   
		<!--  -->   
		<Choice dtmf="1" targetType="submenu" targetMode="DTMF"
		        dest="ccAmountEntered:$ccCallFromRoamingDepAmt"
				targetName="40012_CCCont1"/> 
				                                          	                               	
		<Choice dtmf="2" targetType="submenu" targetMode="DTMF" 
				targetName="30029_PostPaidRoaming_ActDeact"/> 
				
		<!-- Added the catch of * # 9 and treat as NoMatch NoInput.  These options are not allowed here.  -->
		                                       	                               	
		<Choice dtmf="9" 
		        targetType="submenu" targetMode="DTMF"
		        dest="invIpt:true"
				targetName="40012_PlayDepositInvCount"/> 
				                                          	                               	
		<Choice dtmf="*" 
		        targetType="submenu" targetMode="DTMF"
		        dest="invIpt:true"
				targetName="40012_PlayDepositInvCount"/> 
				                                          	                               	
		<Choice dtmf="#" 
		        targetType="submenu" targetMode="DTMF"
		        dest="invIpt:true"
				targetName="40012_PlayDepositInvCount"/> 
				
          <NoInput count="1"  
                   targetType="submenu" targetMode="DTMF"
                   dest="invIpt:false"
                   targetName="40012_PlayDepositInvCount"> 
          </NoInput>
          
          <NoMatch count="1"  
                   targetType="submenu" targetMode="DTMF"
                   dest="invIpt:true" 
                   targetName="40012_PlayDepositInvCount"> 
          </NoMatch>
				
	   </SubMenu>

		            <!-- ############################ -->
	
	<SubMenu name="40012_PlayDepositInvCount" mode="DTMF" type="BusinessLogic"	markPosition="false">
	
		<MenuDefault cond="getPlayDepositInvCountInvCount EQ 0"
		             dest="getPlayDepositInvCount:1"
		             targetType="submenu" targetMode="DTMF" 
			         targetName="40012_PlayDepositInvCountAudio"/>
			         
	
		<MenuDefault targetType="submenu" targetMode="DTMF" 
			         targetName="90000_MaxTrials"/>
			         
	</SubMenu>
		            <!-- ############################ -->
		            
	<SubMenu name="40012_PlayDepositInvCountAudio" mode="DTMF" type="PromptPlay"	markPosition="false">
	
    	<Audio   cond="invIpt EQ true"
    	         tts="Sorry that was an invalid entry. Please try again">
                 5270.wav
    	</Audio>    
	
    	<Audio   cond="invIpt NE true"
    	         tts="Please provide an input">
                 5269.wav
    	</Audio>    
    	
 		<MenuDefault targetType="submenu" targetMode="DTMF"
			         targetName="40012_EnterCVVNumberPlayDeposit"/>
			         
	</SubMenu>
		            
		            <!-- ############################ -->
		            <!-- ############################ -->
		            <!-- ############################ -->
			            
       <SubMenu    name="40012_EnterCCAmount" mode="DTMF" clearDTMFBuffer="true" markPosition="false" vxml="interdigittimeout:3s"> 

           <!--  -->
		   <Audio tts="Please enter the amount you wish to pay through credit card number followed by # key">
				       5048.wav
		   </Audio>
		   
		  <Grammar>digits7.grxml</Grammar>
		
			<!--   -->
		  <Choice dtmf="@digits7" targetType="submenu" 
			      dest="ccAmountEntered:$digits7"
			      targetName="40012_EnterCCAmountConfirm"/>
		          
		<!-- Added the catch of * # 9 and treat as NoMatch NoInput.  These options are not allowed here.  -->                                       	                               	
		  <Choice dtmf="9" 
		          targetType="submenu" targetMode="DTMF"
		          dest="invIpt:true"
			      targetName="40012_CheckEnterCCAmountCollectCount"/> 
				                                          	                               	
		  <Choice dtmf="*" 
		          targetType="submenu" targetMode="DTMF"
		          dest="invIpt:true"
			      targetName="40012_CheckEnterCCAmountCollectCount"/> 
			      
          <!-- 	Need to verify the # is being received as the grammar termination	-->		                                          	                               	
		  <Choice dtmf="#" 
		          targetType="submenu" targetMode="DTMF"
		          dest="invIpt:true"
			      targetName="40012_CheckEnterCCAmountCollectCount"/> 
          
		          
          <NoInput count="1"  targetType="submenu" dest="invIpt:false" targetMode="DTMF" targetName="40012_CheckEnterCCAmountCollectCount"> </NoInput>
          <NoMatch count="1"  targetType="submenu" dest="invIpt:true" targetMode="DTMF" targetName="40012_CheckEnterCCAmountCollectCount"> </NoMatch>
 
	   </SubMenu>
	   
			            <!-- ############################ -->
	
	<SubMenu name="40012_CheckEnterCCAmountCollectCount" mode="DTMF" type="BusinessLogic"	markPosition="false">
	
		<MenuDefault cond="getCCAmountCollectCount EQ 0"
		             dest="getCCAmountCollectCount:1"
		             targetType="submenu" targetMode="DTMF" 
			         targetName="40012_CheckCCAmountCollectCountAudio"/>
			         
	
		<MenuDefault targetType="submenu" targetMode="DTMF" 
			         targetName="90000_MaxTrials"/>
			         
	</SubMenu>
		            <!-- ############################ -->
		            
	<SubMenu name="40012_CheckCCAmountCollectCountAudio" mode="DTMF" type="PromptPlay"	markPosition="false">
	
    	<Audio   cond="invIpt EQ true"
    	         tts="Sorry that was an invalid entry. Please try again">
                 5270.wav
    	</Audio>    
	
    	<Audio   cond="invIpt NE true"
    	         tts="Please provide an input">
                 5269.wav
    	</Audio>    
    	
 		<MenuDefault targetType="submenu" targetMode="DTMF"
			         targetName="40012_EnterCCAmount"/>
			         
	</SubMenu>
	
		            <!-- ############################ -->
		            <!-- ############################ -->
		            <!-- ############################ -->

       <SubMenu    name="40012_EnterCCAmountConfirm" mode="DTMF" clearDTMFBuffer="true"  markPosition="false" > 

		   <Audio tts="You have entered">
				       5040.wav
				       (ccAmountEntered:rupeewhole)
				       5041.wav
				       5042.wav
		   </Audio>
		   
		<!--  -->   
		<Choice dtmf="1" targetType="submenu" targetMode="DTMF"
		        handler="com.selfserv.ivr.handler.PaymentRangeCheck"
				targetName="40012_EnterCCAmountVerify"/> 
				                                          	                               	
		<Choice dtmf="2" targetType="submenu" targetMode="DTMF" 
				targetName="40012_EnterCCAmountCount"/> 
				
		<!-- Added the catch of * # 9 and treat as NoMatch NoInput.  These options are not allowed here.  -->
		                                       	                               	
		<Choice dtmf="9" 
		        targetType="submenu" targetMode="DTMF"
		        dest="invIpt:true"
				targetName="40012_EnterCCAmountConfirmInvCount"/> 
				                                          	                               	
		<Choice dtmf="*" 
		        targetType="submenu" targetMode="DTMF"
		        dest="invIpt:true"
				targetName="40012_EnterCCAmountConfirmInvCount"/> 
				                                          	                               	
		<Choice dtmf="#" 
		        targetType="submenu" targetMode="DTMF"
		        dest="invIpt:true"
				targetName="40012_EnterCCAmountConfirmInvCount"/> 
				
          <NoInput count="1"  
                   targetType="submenu" targetMode="DTMF"
                   dest="invIpt:false"
                   targetName="40012_EnterCCAmountConfirmInvCount"> 
          </NoInput>
          
          <NoMatch count="1"  
                   targetType="submenu" targetMode="DTMF"
                   dest="invIpt:true" 
                   targetName="40012_EnterCCAmountConfirmInvCount"> 
          </NoMatch>
				
	   </SubMenu>

		            <!-- ############################ -->
	
	<SubMenu name="40012_EnterCCAmountConfirmInvCount" mode="DTMF" type="BusinessLogic"	markPosition="false">
	
		<MenuDefault cond="getEnterCCAmountConfirmInvCount EQ 0"
		             dest="getEnterCCAmountConfirmInvCount:1"
		             targetType="submenu" targetMode="DTMF" 
			         targetName="40012_EnterCCAmountConfirmInvCountAudio"/>
			         
	
		<MenuDefault targetType="submenu" targetMode="DTMF" 
			         targetName="90000_MaxTrials"/>
			         
	</SubMenu>
		            <!-- ############################ -->
		            
	<SubMenu name="40012_EnterCCAmountConfirmInvCountAudio" mode="DTMF" type="PromptPlay"	markPosition="false">
	
    	<Audio   cond="invIpt EQ true"
    	         tts="Sorry that was an invalid entry. Please try again">
                 5270.wav
    	</Audio>    
	
    	<Audio   cond="invIpt NE true"
    	         tts="Please provide an input">
                 5269.wav
    	</Audio>    
    	
 		<MenuDefault targetType="submenu" targetMode="DTMF"
			         targetName="40012_EnterCCAmountConfirm"/>
			         
	</SubMenu>
	
		            <!-- ############################ -->
	
	<SubMenu name="40012_EnterCCAmountCount" mode="DTMF" type="BusinessLogic"	markPosition="false">
	
		<MenuDefault cond="getCCAmountCount EQ 0"
		             dest="getCCAmountCount:1"
		             targetType="submenu" targetMode="DTMF" 
			         targetName="40012_EnterCCAmount"/>
			         
		<MenuDefault cond="getCCAmountCount EQ 1"
		             dest="getCCAmountCount:2"
		             targetType="submenu" targetMode="DTMF" 
			         targetName="40012_EnterCCAmount"/>
			         
	
		<MenuDefault cond="getCCNumCount EQ 2"
		             targetType="submenu" targetMode="DTMF" 
			         targetName="90000_CCEStart"/>
			         
	</SubMenu>
	
			        <!-- ############################ -->
		            <!-- ############################ -->
		            <!-- ############################ -->
	
	<SubMenu name="40012_EnterCCAmountVerify" mode="DTMF" type="PromptPlay"	markPosition="false">
	
		<MenuDefault cond="prcResult EQ true"
		             targetType="submenu" targetMode="DTMF" 
			         targetName="40012_CCCont1"/>
			         
		<MenuDefault targetType="submenu" targetMode="DTMF" 
			         targetName="40012_EnterCCAmountVerifyCount"/>
			         
	</SubMenu>

			            <!-- ############################ -->
	
	<SubMenu name="40012_EnterCCAmountVerifyCount" mode="DTMF" type="BusinessLogic"	markPosition="false">
	
		<MenuDefault cond="getCCAmountVerifyCount EQ 0"
		             dest="getCCAmountVerifyCount:1"
		             targetType="submenu" targetMode="DTMF" 
			         targetName="40012_EnterCCAmountVerifyCountAudio"/>
			         
	
		<MenuDefault targetType="submenu" targetMode="DTMF" 
			         targetName="90000_MaxTrials"/>
			         
	</SubMenu>
		            <!-- ############################ -->
		            
	<SubMenu name="40012_EnterCCAmountVerifyCountAudio" mode="DTMF" type="PromptPlay"	markPosition="false">
	
    	<Audio   tts="Sorry that was an invalid entry. Please try again">
                 5270.wav
    	</Audio>    
	    	
 		<MenuDefault targetType="submenu" targetMode="DTMF"
			         targetName="40012_EnterCCAmount"/>
			         
	</SubMenu>
	   
			        <!-- ############################ -->
		            <!-- ############################ -->
		            <!-- ############################ -->


	<SubMenu name="40012_CCCont1" mode="DTMF" type="PromptPlay"	markPosition="false">
	
    	<Audio   tts="Please hold the line while your transaction is being processed">
                 5049.wav
    	</Audio>    
	    	
 		<MenuDefault targetType="submenu" targetMode="DTMF"
 		             handler="com.selfserv.ivr.handler.PaymentGateway"
			         targetName="40012_PaymentGatewayCheckRc"/>		         
	</SubMenu>
	
		            <!-- ############################ -->
		            
	<SubMenu name="40012_PaymentGatewayCheckRc" mode="DTMF" type="BusinessLogic"	markPosition="false">
	
	    <!-- Payment was successful -->
		<MenuDefault cond="DBRC EQ S"
		             targetType="submenu" targetMode="DTMF"
			         targetName="40012_PaymentGatewaySuccess"/>
			         	
	    <!-- Payment Not Allowed For Type Payment -->
		<MenuDefault cond="DBRC EQ F_NA, ccTranType EQ P"
		             targetType="submenu" targetMode="DTMF"
			         targetName="40012_PaymentGatewayNotAllowed"/>	
			         	
	    <!-- Payment Not Allowed For Type Payment -->
		<MenuDefault cond="DBRC EQ F_TO, ccTranType EQ P"
		             targetType="submenu" targetMode="DTMF"
			         targetName="40012_PaymentGatewayTimeOut"/>	

		<!-- Assumes F_C for critical failure or link down For Type Payment -->
		<MenuDefault cond="DBRC EQ F_C, ccTranType EQ P"
		             targetType="submenu" targetMode="DTMF" 
			         targetName="40012_PaymentGatewayFailure"/>
			         	
	    <!-- Payment Not Allowed For Tran Type Deposit D -->
		<MenuDefault cond="DBRC EQ F_NA"
		             targetType="submenu" targetMode="DTMF"
			         targetName="40012_PaymentGatewayNotAllowedDep"/>	
			         	
	    <!-- Payment Not Allowed For Tran Type Deposit D -->
		<MenuDefault cond="DBRC EQ F_TO"
		             targetType="submenu" targetMode="DTMF"
			         targetName="40012_PaymentGatewayTimeOutDep"/>	

		<!-- Assumes F_C for critical failure or link down For Tran Type Deposit D -->
		<MenuDefault targetType="submenu" targetMode="DTMF" 
			         targetName="40012_PaymentGatewayFailureDep"/>
			         
	</SubMenu>
		            <!-- ############################ -->

	<SubMenu name="40012_PaymentGatewayFailureDep" mode="DTMF"  markPosition="true">

	    <!--   -->	   
		<Audio  tts="Sorry we are unable to process your request now
		             For any other assistance on payments, press 9
		             To go back to previous menu press hash	Press star to go to the Main menu">	
		        5253.wav
				5161.wav
				6000.wav
		</Audio>
			
		<Choice dtmf="9" 		        
		        targetType="submenu" targetMode="DTMF"
			    targetName="90000_CCEStart"/>			         
	</SubMenu>
	
		            <!-- ############################ -->

	<SubMenu name="40012_PaymentGatewayTimeOutDep" mode="DTMF"  markPosition="true">

	    <!--   -->	   
		<Audio  tts="Sorry we are unable to process your request now
		             For any other assistance on payments, press 9
		             To go back to previous menu press hash	Press star to go to the Main menu">	
		        5253.wav
				5161.wav
				6000.wav
		</Audio>
			
		<Choice dtmf="9" 		        
		        targetType="submenu" targetMode="DTMF"
			    targetName="90000_CCEStart"/>			         
	</SubMenu>
	
		            <!-- ############################ -->

	<SubMenu name="40012_PaymentGatewayNotAllowedDep" mode="DTMF" type="PromptPlay"  markPosition="true">


	    <!--   -->	   
		<Audio  tts="Sorry we are unable to process your transaction now. 
		             Please wait while your call is being transferred to our Vodafone care executive">	
				5543.wav
		</Audio>


		<MenuDefault targetType="submenu" targetMode="DTMF" 
			         targetName="90000_CCEStart"/>
			
	</SubMenu>
		
		            <!-- ############################ -->

	<SubMenu name="40012_PaymentGatewayFailure" mode="DTMF"  markPosition="true">

	    <!--   -->	   
		<Audio  tts="Sorry we are unable to process your request now
		             For any other assistance on payments, press 9
		             To go back to previous menu press hash	Press star to go to the Main menu">	
		        5253.wav
				5161.wav
				6000.wav
		</Audio>
			
		<Choice dtmf="9" 		        
		        targetType="submenu" targetMode="DTMF"
			    targetName="90000_CCEStart"/>			         
	</SubMenu>
	
		            <!-- ############################ -->

	<SubMenu name="40012_PaymentGatewayTimeOut" mode="DTMF"  markPosition="true">

	    <!--   -->	   
		<Audio  tts="Sorry we are unable to process your request now
		             For any other assistance on payments, press 9
		             To go back to previous menu press hash	Press star to go to the Main menu">	
		        5253.wav
				5161.wav
				6000.wav
		</Audio>
			
		<Choice dtmf="9" 		        
		        targetType="submenu" targetMode="DTMF"
			    targetName="90000_CCEStart"/>			         
	</SubMenu>
	
		            <!-- ############################ -->

	<SubMenu name="40012_PaymentGatewayNotAllowed" mode="DTMF" type="PromptPlay"  markPosition="true">


	    <!--   -->	   
		<Audio  tts="Sorry we are unable to process your transaction now. 
		             Please wait while your call is being transferred to our Vodafone care executive">	
				5543.wav
		</Audio>


		<MenuDefault targetType="submenu" targetMode="DTMF" 
			         targetName="90000_CCEStart"/>
			
	</SubMenu>

		            <!-- ############################ -->
		            
	<SubMenu name="40012_PaymentGatewaySuccess" mode="DTMF"  type="BusinessLogic"  markPosition="false">

	    <!--   -->	   
	    <!-- If the call should not return from it's calling point  -->
		<MenuDefault cond="ccReturnMenu EQ none"
		             targetType="submenu" targetMode="DTMF"
			         targetName="40012_PaymentGatewayDone"/>	

		<!-- Call should return to point of calling CC logic -->
		<MenuDefault targetType="submenu" targetMode="DTMF" 
			         targetName="40012_PaymentGatewayReturn"/>
			         
    </SubMenu>			         
		            <!-- ############################ -->
		            
	<SubMenu name="40012_PaymentGatewayDone" mode="DTMF"  type="PromptPlay"  markPosition="false">

	    <!--   -->	   
		<Audio  tts="Thank you for making the payment. We will soon send a confirmation of the same on your mobile. 
		             Your reference number is ">	
				5540.wav
				(customer.paygateRefNumber:digits)
		</Audio>

		<MenuDefault targetType="submenu" targetMode="DTMF" 
			         targetName="GlobalPrompting"/>
			
			
	</SubMenu>

		            <!-- ############################ -->
		            
	<SubMenu name="40012_PaymentGatewayReturn" mode="DTMF"  type="PromptPlay"  markPosition="false">

	    <!--   -->	   
		<Audio  tts="Thank you for making the payment. We will soon send a confirmation of the same on your mobile. 
		             Your reference number is ">	
				5540.wav
				(customer.paygateRefNumber:digits)
		</Audio>

		<MenuDefault targetType="submenu" targetMode="DTMF" 
			         targetName="$ccReturnMenu"/>
			
			
	</SubMenu>



</CallRouting>