<?xml version="1.0" encoding="UTF-8"?>

<CallRouting name="PostPaidVASStart" releaseVersion="0.0" fileVersion="0.0"
	start="" startMode="" audioDir=""
	xmlns="http://ibm.com/ivr/framework/model"
	xmlns:xsi="http://www.w3.org/2001/XMLSchema-instance" 
	xsi:schemaLocation="http://ibm.com/ivr/framework/model IVRFramework.xsd">

    <!--  										-->
	<!-- Starting point for VALUE ADDED SERVICES (VAS) postPaid Callflow 	-->
	<!-- 	30022_PostPaidVAS_Promo				-->
	<!--  										-->
	
	<Operator/>
	
	
	<!-- ############################ -->
	<!-- ############################ -->
	<!-- ############################ -->
	
	<SubMenu name="30022_PostPaidVAS_Promo" mode="DTMF" markPosition="false" vxml="timeout:1s">	
   	<Audio tts="">
    		5112.wav    	    
    	</Audio>    

        <Choice dtmf="#" targetType="submenu" targetMode="DTMF"                   
 					 targetName="30022_PostPaidVAS_Promo_After"/>

        <Choice dtmf="*" targetType="submenu" targetMode="DTMF"                   
 					 targetName="30022_PostPaidVAS_Promo_After"/>

        <NoInput count="1" targetType="submenu" targetMode="DTMF"                       
 					 targetName="30022_PostPaidVAS_Promo_After"/>

        <NoMatch count="1" targetType="submenu" targetMode="DTMF"                       
 					 targetName="30022_PostPaidVAS_Promo_After"/>
	</SubMenu>	
	
	<SubMenu name="30022_PostPaidVAS_Promo_After" mode="DTMF" type="BusinessLogic"  markPosition="true" > 
		<MenuDefault handler="com.selfserv.ivr.handler.GetServiceFlag"	
					 targetType="submenu" targetMode="DTMF"
			         targetName="30022_PostPaidVAS_ivrServices" />
	
	</SubMenu>	
		   
	<SubMenu name="30022_PostPaidVAS_ivrServices" mode="DTMF" type="BusinessLogic"  markPosition="true" > 
		<MenuDefault cond="customer.serviceFlag EQ Y"
					 handler="com.selfserv.ivr.handler.IVRServices"	
					 targetType="submenu" targetMode="DTMF"
			         targetName="30022_PostPaidVAS_ivrServices_CheckRc" />
			         
	 	<MenuDefault targetType="submenu" targetMode="DTMF"
			         targetName="30022_PostPaidVAS" />
	
	</SubMenu>	
		   
	<SubMenu name="30022_PostPaidVAS_ivrServices_CheckRc" mode="DTMF" type="BusinessLogic"  markPosition="false" > 
		<MenuDefault cond="DBRC EQ F_C"					 
					 targetType="submenu" targetMode="DTMF"
			         targetName="90000_IVRDBLINKDOWN" />
			         
	 	<MenuDefault targetType="submenu" targetMode="DTMF"
			         targetName="30022_PostPaidVAS" />
	
	</SubMenu>	
		   
		   
	
	<SubMenu name="30022_PostPaidVAS" mode="DTMF"   markPosition="true" 
						set="previousMenu:30009_PostPaidMainMenu" >   
 
       
		<Audio
			tts="For information on caller tunes press 1
				For Vodafone live press 2
				For Vodafone mobile connect press 3
				For world calling card press 4
				For information on Vodafone alerts press 5
				To talk to our Customer Service executive press 9
				To go back to previous menu press hash
				Press star to go to the Main menu">	
				5113.wav
				5114.wav
				5115.wav
				5116.wav
				5117.wav
				5118.wav
				6000.wav	
		</Audio>
		
		<Choice dtmf="1" targetType="submenu" targetMode="DTMF" 
		        dest="customer.tran_type:QR_POST_VAS" 
			    targetName="30023_PostPaidVAS_CallerTunes_Promo"/>

		<Choice dtmf="2" targetType="submenu" targetMode="DTMF"
		        dest="customer.tran_type:QR_POST_VAS"
			    targetName="30024_PostPaidVAS_VLive"/>
					
		<Choice dtmf="3" targetType="submenu" targetMode="DTMF"
		        dest="customer.tran_type:QR_POST_VAS"
			    targetName="30025_PostPaidVAS_MobileConnect_Promo"/>			

		<Choice dtmf="4" targetType="submenu" targetMode="DTMF"
		        dest="customer.tran_type:QR_POST_VAS"
			    targetName="30028_PostPaidVAS_VAlert_Promo"/>
			   
		<Choice dtmf="5" targetType="submenu" targetMode="DTMF"  
		        dest="customer.tran_type:QR_POST_VAS"
			    targetName="30027_PostPaidVAS_WorldCallingCard_Promo"/>

		<Choice dtmf="9" targetType="submenu" targetMode="DTMF"
			    targetName="90000_CCEStart"/>		
					
	</SubMenu>
	
	
	<!-- ############################ -->
	<!-- ############################ -->
	<!-- ############################ -->
	
	<SubMenu name="30023_PostPaidVAS_CallerTunes_Promo" mode="DTMF" markPosition="false" vxml="timeout:1s">	

    	<Audio tts="">
    		5119.wav    	    
    	</Audio>    

        <Choice dtmf="#" targetType="submenu" targetMode="DTMF"                   
 					 targetName="30023_PostPaidVAS_CallerTunes"/>

        <Choice dtmf="*" targetType="submenu" targetMode="DTMF"                   
 					 targetName="30023_PostPaidVAS_CallerTunes"/>

        <NoInput count="1" targetType="submenu" targetMode="DTMF"                       
 					 targetName="30023_PostPaidVAS_CallerTunes"/>

        <NoMatch count="1" targetType="submenu" targetMode="DTMF"                       
 					 targetName="30023_PostPaidVAS_CallerTunes"/>
	</SubMenu>	

	<!-- ############################ -->
		
	<!-- Appupdate:  Move option 2 to option 3.        -->
	<!--             Add Option 2 for Info On Deactivation -->			   
	<SubMenu name="30023_PostPaidVAS_CallerTunes" mode="DTMF"   markPosition="true" 
					set="previousMenu:30022_PostPaidVAS">        
		<Audio
			tts="For information on how to activate Caller tune service press 1
			    For information on how to deactivate Caller tunes service press 2
				For product features and charges press 3
				To talk to our Customer Service executive press 9
				To go back to previous menu press hash
				Press star to go to the Main menu">	
				5231.wav
				5136.wav
				5080.wav
				5329.wav
				6000.wav	
		</Audio>
		
		<Choice dtmf="1" targetType="submenu" targetMode="DTMF" 
				dest="audioFileNameToPlay:5125;
				  previousMenu:30023_PostPaidVAS_CallerTunes;
				  smsCmd:cached;
			      smsKey:CALLER_AD;
			      smsTranType:PostpaidCallerTunes" 
				targetName="30023_CallerTunes_playmsg"/>		
		
		<!-- Appupdate: Need file name for Option 2 the describes the deactivation process-->
		<!--            The same SMS message key is used for Deact as is used for Act -->
		<!--            Need audio file to play when deactivate is selected. -->
		<Choice dtmf="2" targetType="submenu" targetMode="DTMF" 
				dest="audioFileNameToPlay:5125;
				  previousMenu:30023_PostPaidVAS_CallerTunes;
				  smsCmd:cached;
			      smsKey:CALLER_AD;
			      smsTranType:PostpaidCallerTunes" 
				targetName="30023_CallerTunes_playmsg"/>		

        
		<Choice dtmf="3" targetType="submenu" targetMode="DTMF" 
				dest="audioFileNameToPlay:5126;
				  previousMenu:30023_PostPaidVAS_CallerTunes;
				  smsCmd:cached;
			      smsKey:CALLER;
			      smsTranType:PostpaidCallerTunes" 
				targetName="30023_CallerTunes_playmsg"/>		
	
		<Choice dtmf="9" targetType="submenu" targetMode="DTMF"
			targetName="90000_CCEStart"/>						
	</SubMenu>

	<!-- ############################ -->

	<SubMenu name="30023_CallerTunes_playmsg" mode="DTMF" markPosition="false" vxml="timeout:1s">
   	<Audio tts="">
    		(audioFileNameToPlay:wavfile) 	    
    	</Audio>    
	
        <Choice dtmf="#" targetType="submenu" targetMode="DTMF"                   
 					 targetName="30023_PostPaid_VAS_AutoSendSMS"/>

        <Choice dtmf="*" targetType="submenu" targetMode="DTMF"                   
 					 targetName="30023_PostPaid_VAS_AutoSendSMS"/>

        <NoInput count="1" targetType="submenu" targetMode="DTMF"                       
 					 targetName="30023_PostPaid_VAS_AutoSendSMS"/>

        <NoMatch count="1" targetType="submenu" targetMode="DTMF"                       
 					 targetName="30023_PostPaid_VAS_AutoSendSMS"/>
	</SubMenu>	
	
	<!-- ############################ -->
	<!-- ############################ -->
	<!-- ############################ -->
	
	<SubMenu name="30024_PostPaidVAS_VLive" mode="DTMF" markPosition="true" vxml="timeout:1s">

    	<Audio tts="">
    		5120.wav    	    
    	</Audio>    

        <Choice dtmf="#" targetType="submenu" targetMode="DTMF"                   
 					 targetName="30024_PostPaidVAS_VLive_menu"/>

        <Choice dtmf="*" targetType="submenu" targetMode="DTMF"                   
 					 targetName="30024_PostPaidVAS_VLive_menu"/>

        <NoInput count="1" targetType="submenu" targetMode="DTMF"                       
 					 targetName="30024_PostPaidVAS_VLive_menu"/>

        <NoMatch count="1" targetType="submenu" targetMode="DTMF"                       
 					 targetName="30024_PostPaidVAS_VLive_menu"/>
	</SubMenu>	
		
		    <!-- ############################ -->	
	
	<!-- Appupdate: Adding Option 3 for deactivation of V-Live service -->	    	   
	<SubMenu name="30024_PostPaidVAS_VLive_menu" mode="DTMF"   markPosition="false" set="previousMenu:30022_PostPaidVAS">        
		<Audio
			tts="For product features and charges press 1">	
				5128.wav
		</Audio>
		
		<Audio cond="customer.inroamerFlag EQ N, customer.callerFound EQ Y, 
					 customer.serviceFlag EQ Y, customer.serviceID_DCHA EQ d"
			tts="To activate Vodafone Live press 2">	
				5129.wav
		</Audio>
		
		<!-- Appupdate: Need audio file name offering Option 3 for deactivcation -->
		<Audio cond="customer.inroamerFlag EQ N, customer.callerFound EQ Y, 
					 customer.serviceFlag EQ Y, customer.serviceID_DCHA NE d"
			tts="To de-activate Vodafone Live press 2">	
				5346.wav
		</Audio>
		
		<Audio
			tts="To talk to our Customer Service executive press 9
				To go back to previous menu press hash
				Press star to go to the Main menu">	
				5001.wav
				6000.wav	
		</Audio>
		
		<Choice dtmf="1" targetType="submenu" targetMode="DTMF" 
				dest="audioFileNameToPlay:5131;
				  previousMenu:30024_PostPaidVAS_VLive_menu;
				  smsCmd:cached;
			      smsKey:VLIVE;
			      smsTranType:PostpaidVodafoneLive" 
				targetName="30026_PostPaidVAS_Features"/>	
				
		<Choice dtmf="2" cond="customer.inroamerFlag EQ N, customer.callerFound EQ Y, 
							   customer.serviceFlag EQ Y, customer.serviceID_DCHA EQ d"
				dest="vliveAudioConfPlay:5130"
				targetType="submenu" targetMode="DTMF" 
				targetName="30024_PostPaidVAS_VLive_ActivateConf"/>					
			
		<!-- Appupdate: Added support for Option 2 to deactivate -->	
		<!--            Need aduio to play in confirmation       -->
		<Choice dtmf="2" cond="customer.inroamerFlag EQ N, customer.callerFound EQ Y, 
							   customer.serviceFlag EQ Y, customer.serviceID_DCHA NE d"
				dest="vliveAudioConfPlay:5130"			   
				targetType="submenu" targetMode="DTMF" 
				targetName="30024_PostPaidVAS_VLive_ActivateConf"/>					
					
		<Choice dtmf="9" targetType="submenu" targetMode="DTMF"
			targetName="30024_PostVAS_VLive_GPRS_Check"/>		
	
	</SubMenu>	
	
		            <!-- ############################ -->
	
	<SubMenu name="30024_PostVAS_VLive_GPRS_Check" mode="DTMF" type="BusinessLogic"	markPosition="false">
	
		<MenuDefault cond="customer.gprs_Flag NE NULL, customer.gprs_Flag EQ Y, circle.gprsFlag EQ Y"
		             targetType="submenu" targetMode="DTMF" 
			         targetName="30024_PostVAS_VLive_GPRS_Menu"/>
	
		<MenuDefault cond="customer.gprs_Flag NE NULL, customer.gprs_Flag EQ y, circle.gprsFlag EQ Y"
		             targetType="submenu" targetMode="DTMF" 
			         targetName="30024_PostVAS_VLive_GPRS_Menu"/>
			         	
		<MenuDefault targetType="submenu" targetMode="DTMF" 
			         targetName="90000_CCEStart"/>
			         
	</SubMenu>
	
	<!-- ############################ -->
				   	
	<SubMenu name="30024_PostVAS_VLive_GPRS_Menu" mode="DTMF"   markPosition="false"> 
	     
	    <!--   -->	   
		<Audio tts="To spesk to a RPRS executive Press 1, otherwise hold the line for a CCE">	
				7777.wav
		</Audio>
		
		<Choice dtmf="1"         
		        targetType="submenu" targetMode="DTMF"
		        dest="customer.tran_type:GPRS_VLIVE_OPT_OUT;
		              VDN:$circle.defVdnGPRS;
		              ctiVDN:$circle.defVdnGPRS"
			    targetName="90000_CCEStart"/>
			    
          <NoInput count="1"  
                   targetType="submenu" targetMode="DTMF"
                   targetName="90000_CCEStart"> 
          </NoInput>
          
          <NoMatch count="1"  
                   targetType="submenu" targetMode="DTMF"
                   targetName="90000_CCEStart"> 
          </NoMatch>
								
	</SubMenu>
			
	<!-- ############################ -->
	<!-- ############################ -->
	<!-- ############################ -->
	
	
	<!-- Appupdate: Added breakdopwn of audio play for Act and DeAct -->
	<SubMenu name="30024_PostPaidVAS_VLive_ActivateConf" mode="DTMF" markPosition="false" set="previousMenu:30024_PostPaidVAS_VLive_menu" >	

		<Audio  cond="customer.serviceID_DCHA EQ d"
		        tts="Rentals and charges if any will be played">	    	    
    			(vliveAudioConfPlay:wavfile)
    	</Audio>

		<Audio  cond="customer.serviceID_DCHA NE d"
		        tts="Info about deactivation of service">	    	    
    			(vliveAudioConfPlay:wavfile)
    	</Audio>

		<Audio tts="To confirm press 1
    				To Cancel press 2">	    	    
    			 5288.wav 5289.wav
    	</Audio>

        <!-- Appupdate:  Added condition for Activate -->
		<Choice cond="customer.serviceID_DCHA EQ d"
		    dtmf="1" 
			dest="serviceAction:A;ActDeactActionTaken:A;serviceKey:DC_HA;vasService:VodafoneLive"
			handler="com.selfserv.ivr.handler.ActivateService"
			targetType="submenu" targetMode="DTMF" 
			targetName="30024_ActivateService_CheckRc"/>  

        <!-- Appupdate:  Added condition for De-Activate -->
		<Choice cond="customer.serviceID_DCHA NE d"
		    dtmf="1" 
			dest="serviceAction:D;ActDeactActionTaken:D;serviceKey:DC_HA;vasService:VodafoneLive"
			handler="com.selfserv.ivr.handler.ActivateService"
			targetType="submenu" targetMode="DTMF" 
			targetName="30024_ActivateService_CheckRc"/>  
			 
		<Choice dtmf="2" targetType="submenu" targetMode="DTMF" 
			targetName="GlobalPrompting"/>  

	</SubMenu>	

		
	<!-- ############################ -->
	<!-- ############################ -->
	<!-- ############################ -->
	
	<SubMenu name="30025_PostPaidVAS_MobileConnect_Promo" mode="DTMF" markPosition="false" vxml="timeout:1s">	

    	<Audio tts="">
    		5121.wav    	    
    	</Audio>    

        <Choice dtmf="#" targetType="submenu" targetMode="DTMF"                   
 					 targetName="30025_PostPaidVAS_MobileConnect"/>

        <Choice dtmf="*" targetType="submenu" targetMode="DTMF"                   
 					 targetName="30025_PostPaidVAS_MobileConnect"/>

        <NoInput count="1" targetType="submenu" targetMode="DTMF"                       
 					 targetName="30025_PostPaidVAS_MobileConnect"/>

        <NoMatch count="1" targetType="submenu" targetMode="DTMF"                       
 					 targetName="30025_PostPaidVAS_MobileConnect"/>
	</SubMenu>	
				   
		
	<!-- ############################ -->
	<!-- ############################ -->
	<!-- ############################ -->
	
    <!-- Appupdate: Adding Option 3 for deactivation of V-MobileConnect service -->
	<SubMenu name="30025_PostPaidVAS_MobileConnect" mode="DTMF"   markPosition="true" 
				set="previousMenu:30022_PostPaidVAS">        
		<Audio
			tts="For product features and charges press 1">	
				5128.wav
		</Audio>
		
		<Audio cond="customer.inroamerFlag EQ N, customer.callerFound EQ Y, customer.serviceFlag EQ Y, 
						customer.serviceID_DCPH EQ d"
			tts="To activate Vodafone Mobile Conned press 2">	
				5133.wav
		</Audio>

        <!-- Appupdate: Need audio file name offering Option 3 for deactivcation -->		
		<Audio cond="customer.inroamerFlag EQ N, customer.callerFound EQ Y, customer.serviceFlag EQ Y, 
						customer.serviceID_DCPH NE d"
			tts="To De-activate Vodafone Mobile Conned press 2">	
				5348.wav
		</Audio>		
		
		<Audio
			tts="To talk to our Customer Service executive press 9
				To go back to previous menu press hash
				Press star to go to the Main menu">	
				5002.wav
				6000.wav	
		</Audio>
		
		<Choice dtmf="1" targetType="submenu" targetMode="DTMF" 
				dest="audioFileNameToPlay:5135;
				  previousMenu:30025_PostPaidVAS_MobileConnect;
				  smsCmd:cached;
			      smsKey:MOBCON;
			      smsTranType:PostpaidMobileConnect" 
				targetName="30026_PostPaidVAS_Features"/>	
				
		<Choice dtmf="2" cond="customer.inroamerFlag EQ N, customer.callerFound EQ Y, 
								customer.serviceFlag EQ Y, customer.serviceID_DCPH EQ d"
				dest="previousMenu:30025_PostPaidVAS_MobileConnect;
				      vmobconAudioConfPlay:5134"
				targetType="submenu" targetMode="DTMF" 
				targetName="30025_PostPaidVAS_MobCon_Activate"/>					
				
		<!-- Appupdate: Added option 2 to de-activate service -->
		<!--            Need audio to play in inconfirmation  -->
		<Choice dtmf="2" cond="customer.inroamerFlag EQ N, customer.callerFound EQ Y, 
								customer.serviceFlag EQ Y, customer.serviceID_DCPH NE d"
				dest="previousMenu:30025_PostPaidVAS_MobileConnect;
				      vmobconAudioConfPlay:5134"
				targetType="submenu" targetMode="DTMF" 
				targetName="30025_PostPaidVAS_MobCon_Activate"/>					
					
		<Choice dtmf="9" targetType="submenu" targetMode="DTMF"
			targetName="30025_PostVAS_MobileConnect_GPRS_Check"/>		
	
	</SubMenu>	
	
		            <!-- ############################ -->
	
	<SubMenu name="30025_PostVAS_MobileConnect_GPRS_Check" mode="DTMF" type="BusinessLogic"	markPosition="false">
	
		<MenuDefault cond="customer.gprs_Flag NE NULL, customer.gprs_Flag EQ Y, circle.gprsFlag EQ Y"
		             targetType="submenu" targetMode="DTMF" 
			         targetName="30025_PostVAS_MobileConnect_GPRS_Menu"/>
	
		<MenuDefault cond="customer.gprs_Flag NE NULL, customer.gprs_Flag EQ y, circle.gprsFlag EQ Y"
		             targetType="submenu" targetMode="DTMF" 
			         targetName="30025_PostVAS_MobileConnect_GPRS_Menu"/>
			         	
		<MenuDefault targetType="submenu" targetMode="DTMF" 
			         targetName="90000_CCEStart"/>
			         
	</SubMenu>
	
	<!-- ############################ -->
				   	
	<SubMenu name="30025_PostVAS_MobileConnect_GPRS_Menu" mode="DTMF"   markPosition="false"> 
	     
	    <!--   -->	   
		<Audio tts="To spesk to a RPRS executive Press 1, otherwise hold the line for a CCE">	
				7777.wav
		</Audio>
		
		<Choice dtmf="1"         
		        targetType="submenu" targetMode="DTMF"
		        dest="customer.tran_type:GPRS_MOBCON_OPT_OUT;
		              VDN:$circle.defVdnGPRS;
		              ctiVDN:$circle.defVdnGPRS"
			    targetName="90000_CCEStart"/>
			    
          <NoInput count="1"  
                   targetType="submenu" targetMode="DTMF"
                   targetName="90000_CCEStart"> 
          </NoInput>
          
          <NoMatch count="1"  
                   targetType="submenu" targetMode="DTMF"
                   targetName="90000_CCEStart"> 
          </NoMatch>
								
	</SubMenu>
			
	<!-- ############################ -->
	<!-- ############################ -->
	<!-- ############################ -->
	
	
	<SubMenu name="30025_PostPaidVAS_MobCon_Activate" mode="DTMF" markPosition="false" >	

		<Audio  cond="customer.serviceID_DCPH EQ d"
				tts="Rentals and charges if any will be played">
    			(vmobconAudioConfPlay:wavfile)
    	</Audio>
 
		<Audio  cond="customer.serviceID_DCPH NE d"
				tts="Rentals and charges if any will be played">
    			(vmobconAudioConfPlay:wavfile)
    	</Audio>
   	
    	
    	<Audio 	tts="To confirm press 1
    				 To Cancel press 2">	    	    
    			5288.wav 5289.wav
    	</Audio>

		<Choice cond="customer.serviceID_DCPH EQ d"
		    dtmf="1" 
			dest="serviceAction:A;ActDeactActionTaken:A;serviceKey:DC_PH;vasService:VodafoneMobileConnect"
			handler="com.selfserv.ivr.handler.ActivateService"
			targetType="submenu" targetMode="DTMF" 
			targetName="30024_ActivateService_CheckRc"/>  

		<Choice cond="customer.serviceID_DCPH NE d"
		    dtmf="1" 
			dest="serviceAction:D;ActDeactActionTaken:D;serviceKey:DC_PH;vasService:VodafoneMobileConnect"
			handler="com.selfserv.ivr.handler.ActivateService"
			targetType="submenu" targetMode="DTMF" 
			targetName="30024_ActivateService_CheckRc"/>  
			 
		<Choice dtmf="2" targetType="submenu" targetMode="DTMF" 
			targetName="GlobalPrompting"/>  

	</SubMenu>	
		
				
	<!-- ############################ -->
	<!-- ############################ -->
	<!-- ############################ -->
		
	<!-- Note: 30031_ActDeAct_LogReq and 30030_ActDeAct_Failure are in PostPaidRoamingStart.xml -->
	<SubMenu name="30024_ActivateService_CheckRc" mode="DTMF" type="BusinessLogic"	markPosition="false">
	
		<MenuDefault cond="DBRC EQ S"
		             targetType="submenu" targetMode="DTMF"
			         targetName="30031_ActDeAct_LogReq"/>	
			         
		<!--  Failure -->
		<MenuDefault targetType="submenu" targetMode="DTMF" 
			         targetName="30030_ActDeAct_Failure"/>
			         
	</SubMenu>
	
				  
		
				
	<!-- ############################ -->
	<!-- ############################ -->
	<!-- ############################ -->
	
	<SubMenu name="30027_PostPaidVAS_WorldCallingCard_Promo" mode="DTMF" markPosition="false" vxml="timeout:1s" 
					set="previousMenu:30022_PostPaidVAS">	

    	<Audio tts="">
    		5143.wav    	    
    	</Audio> 
  <!-- 08/04/08 SCS removed cond="customer.inroamerFlag EQ Y" 
  					removed cond="customer.callerFound EQ N"   
  						
    	<MenuDefault cond="customer.inroamerFlag EQ Y" 
    				 targetType="submenu" targetMode="DTMF" 
			         targetName="GlobalPrompting"/>
	    <MenuDefault cond="customer.callerFound EQ N" 
    				 targetType="submenu" targetMode="DTMF" 
			         targetName="GlobalPrompting"/>
   -->

        <Choice dtmf="#" targetType="submenu" targetMode="DTMF"                   
 					 dest="audioFileNameToPlay:5143;
					 	smsCmd:cached;
			      		smsKey:WCC;
			      		smsTranType:WorldCallingCard" 
			         targetName="30023_PostPaid_VAS_AutoSendSMS"/>

        <Choice dtmf="*" targetType="submenu" targetMode="DTMF"                   
 					 dest="audioFileNameToPlay:5143;
					 	smsCmd:cached;
			      		smsKey:WCC;
			      		smsTranType:WorldCallingCard" 
			         targetName="30023_PostPaid_VAS_AutoSendSMS"/>

        <NoInput count="1" targetType="submenu" targetMode="DTMF"                       
					 dest="audioFileNameToPlay:5143;
					 	smsCmd:cached;
			      		smsKey:WCC;
			      		smsTranType:WorldCallingCard" 
			         targetName="30023_PostPaid_VAS_AutoSendSMS"/>

        <NoMatch count="1" targetType="submenu" targetMode="DTMF"                       
 					 dest="audioFileNameToPlay:5143;
					 	smsCmd:cached;
			      		smsKey:WCC;
			      		smsTranType:WorldCallingCard" 
			         targetName="30023_PostPaid_VAS_AutoSendSMS"/>
	</SubMenu>	
		
	<!-- ############################ -->
	<!-- ############################ -->
	<!-- ############################ -->

	
	<SubMenu name="30028_PostPaidVAS_VAlert_Promo" mode="DTMF" markPosition="false" vxml="timeout:1s">	

    	<Audio tts="">
    		5122.wav    	    
    	</Audio>    

        <Choice dtmf="#" targetType="submenu" targetMode="DTMF"                   
 					 targetName="30028_PostPaidVAS_VAlert"/>

        <Choice dtmf="*" targetType="submenu" targetMode="DTMF"                   
 					 targetName="30028_PostPaidVAS_VAlert"/>

        <NoInput count="1" targetType="submenu" targetMode="DTMF"                       
 					 targetName="30028_PostPaidVAS_VAlert"/>

        <NoMatch count="1" targetType="submenu" targetMode="DTMF"                       
 					 targetName="30028_PostPaidVAS_VAlert"/>
	</SubMenu>	

	<!-- ############################ -->
				   
	<SubMenu name="30028_PostPaidVAS_VAlert" mode="DTMF"   markPosition="false" 
			 set="previousMenu:30022_PostPaidVAS">       
		<Audio
			tts="For information on missed call alerts press 1
				For other alert services press 2
				To go back to previous menu press hash
				Press star to go to the Main menu">	
				5137.wav
				5138.wav
				6000.wav
		</Audio>
		
		<Choice dtmf="1" targetType="submenu" targetMode="DTMF" 
				dest="audioFileNameToPlay:5139;
				  previousMenu:30028_PostPaidVAS_VAlert;
				  smsCmd:cached;
			      smsKey:MCA;
			      smsTranType:PostpaidVodafoneAlert" 
				targetName="30028_PostPaidVAS_Features_valert"/>	
				
		<Choice dtmf="2" targetType="submenu" targetMode="DTMF" 
				dest="audioFileNameToPlay:5141;
				  previousMenu:30028_PostPaidVAS_VAlert;
				  smsCmd:cached;
			      smsKey:VALERT;
			      smsTranType:PostpaidVodafoneAlert" 
				targetName="30028_PostPaidVAS_Features_valert"/>		
					
	</SubMenu>
	
	
	<!-- ############################ -->
	<!-- ############################ -->
	<!-- ############################ -->

	<!-- Note: this was created to handle path for Vodaphone alert which offers a Xfer to agent after
				the caller hears the "you soon will recieve the information as an SMS also" -->
	<SubMenu name="30028_PostPaidVAS_Features_valert" mode="DTMF" markPosition="false" vxml="timeout:1s">
	
		<Audio tts="Info msg">
    		(audioFileNameToPlay:wavfile)	    	    
    	</Audio>    

        <Choice dtmf="#" targetType="submenu" targetMode="DTMF"                   
 					 targetName="30028_PostPaidVAS_Features_valert_sendSMS"/>

        <Choice dtmf="*" targetType="submenu" targetMode="DTMF"                   
 					 targetName="30028_PostPaidVAS_Features_valert_sendSMS"/>

        <NoInput count="1" targetType="submenu" targetMode="DTMF"                       
 					 targetName="30028_PostPaidVAS_Features_valert_sendSMS"/>

        <NoMatch count="1" targetType="submenu" targetMode="DTMF"                       
 					 targetName="30028_PostPaidVAS_Features_valert_sendSMS"/>
		          	  
	</SubMenu>	
	
	
	<!-- ############################ -->
	<!-- ############################ -->
	<!-- ############################ -->

	<!-- Note: this was created to handle path for Vodaphone alert which offers a Xfer to agent after
				the caller hears the "you soon will recieve the information as an SMS also" -->
	<SubMenu name="30028_PostPaidVAS_Features_valert_sendSMS" mode="DTMF" type="BusinessLogic"	markPosition="false">
	
		<MenuDefault targetType="submenu" targetMode="DTMF" 
					 handler="com.selfserv.ivr.handler.SMS" 
		          	 targetName="30028_VAS_CheckSMSRc_valert"/> 
		          	  
	</SubMenu>	
	
	<!-- ############################ -->
	
	<!-- Note: 	Did not use 30032_VAS_CheckSMSRc because we need to offer Xfer option on success
				Did not use the 300032_CheckSMSRc (PostPaidStart.xml) 
	 			because we needed to play a different success audio  -->
	 			
	<SubMenu name="30028_VAS_CheckSMSRc_valert" mode="DTMF" type="BusinessLogic"	markPosition="false"	>
	
	    <!-- SMS message sent -->
		<MenuDefault cond="DBRC EQ S"
		             targetType="submenu" targetMode="DTMF"
		             dest="SMSAudioToPlay:5127"
			         targetName="30028_Postpaid_VASvalert_PostSMSSend"/>
			         	
	    <!-- SMS message not sent -->
		<MenuDefault 
					 targetType="submenu" targetMode="DTMF"
			         targetName="30028_Postpaid_VASvalert_NoSMS"/>
	 
	</SubMenu>
	
	<!-- ############################ -->
	
	<!--  Added smsKey EQ MCA to control if Xfer is offered.  This change is from UAT -->
	<!--  Needed to split the audio play for Xfer and global prompting -->
	<SubMenu name="30028_Postpaid_VASvalert_PostSMSSend" mode="DTMF" markPosition="true" >
		
    	<Audio tts="You will soon receive an SMS on your mobile.">
    		(SMSAudioToPlay:wavfile)	    	    
    	</Audio>
 
     	<Audio cond="smsKey EQ MCA"
    	       tts="To talk to our Customer Service executive press 9">	
				5243.wav
		</Audio>
 
    	
    	<Audio tts="To go back to previous menu press hash
					Press star to go to the Main menu">	
				6000.wav
		</Audio>
    	    
		<Choice cond="smsKey EQ MCA"
		        dtmf="9" targetType="submenu" targetMode="DTMF"
			    targetName="90000_CCEStart"/>		
			
	</SubMenu>	
	
		<!-- ############################ -->
	<!-- If no SMS msg sent hten the offer to Xfer is not offered.  Based on Pg 28 of Callflow -->
	<!-- Removed Chioce 9 to xfer  -->
	<SubMenu name="30028_Postpaid_VASvalert_NoSMS" mode="DTMF" markPosition="false" >	
      	
    	<Audio 	tts="Sorry we are unable to process your request now
    	             To go back to previous menu press hash
					 Press star to go to the Main menu">
			    5253.wav	
				6000.wav
		</Audio>
    	    			
	</SubMenu>	
	
	

	<!-- ############################ -->
	<!-- ############################ -->
	<!-- ############################ -->

	<!-- Sub menus below are used multiple times -->

	<!-- ############################ -->
	<!-- ############################ -->
	<!-- ############################ -->

	<SubMenu name="20023_PostPaidVAS_postMenu" mode="DTMF" 	markPosition="false" >
		<!-- 08/04/08 SCS removed cond="customer.inroamerFlag NE Y" from opt 1 SMS  -->
		<Audio tts="Info msg">
    		(audioFileNameToPlay:wavfile)	    	    
    	</Audio>    
		<Audio 	
			 	tts="If you wish to receive this information through SMS press 1">	
				5074.wav
		</Audio>
		<Audio 	tts="To go back to previous menu press hash
				Press star to go to the Main menu">	
				6000.wav
		</Audio>

		<Choice dtmf="1" 
			targetType="submenu" targetMode="DTMF" 
			targetName="30032_PostPaidSMS"/>		
	
	</SubMenu>	
	
	<!-- ############################ -->
	<!-- ############################ -->
	<!-- ############################ -->

	<SubMenu name="20023_PostPaidVAS_postMenu_2" mode="DTMF" 	markPosition="false" >
		<!-- 08/04/08 SCS removed cond="customer.inroamerFlag NE Y" from opt 1 SMS  -->
		<Audio tts="Info">
    		(audioFileNameToPlay:wavfile)	    	    
    	</Audio>    
		<Audio 	tts="If you wish to receive this information through SMS press 1">	
				5074.wav
		</Audio>
		<Audio 	tts="To talk to a customer care executive press 9
				To go back to previous menu press hash
				Press star to go to the Main menu">	
				(audioFileNameToPlayCCE:wavfile)
				6000.wav
		</Audio>

		<Choice dtmf="1" 
			targetType="submenu" targetMode="DTMF" 
			targetName="30032_PostPaidSMS"/>		
			
		<Choice dtmf="9" targetType="submenu" targetMode="DTMF"
			targetName="90000_CCEStart"/>		
	
	</SubMenu>	

	<!-- ############################ -->
	<!-- ############################ -->
	<!-- ############################ -->

	<SubMenu name="30026_PostPaidVAS_Features" mode="DTMF" markPosition="false" vxml="timeout:1s">
	
		<Audio tts="Info msg">
    		(audioFileNameToPlay:wavfile)	    	    
    	</Audio>    

        <Choice dtmf="#" targetType="submenu" targetMode="DTMF"                   
 					 targetName="30026_PostPaidVAS_Features_2"/>

        <Choice dtmf="*" targetType="submenu" targetMode="DTMF"                   
 					 targetName="30026_PostPaidVAS_Features_2"/>

        <NoInput count="1" targetType="submenu" targetMode="DTMF"                       
 					 targetName="30026_PostPaidVAS_Features_2"/>

        <NoMatch count="1" targetType="submenu" targetMode="DTMF"                       
 					 targetName="30026_PostPaidVAS_Features_2"/>
	</SubMenu>	
	
		<!-- ############################ -->

	<SubMenu name="30026_PostPaidVAS_Features_2" mode="DTMF" type="BusinessLogic"	markPosition="false">
	
		<MenuDefault targetType="submenu" targetMode="DTMF" 
					 handler="com.selfserv.ivr.handler.SMS" 
		          	 targetName="30032_VAS_CheckSMSRc"/> 
		          	  
	</SubMenu>	
	
	<!-- ############################ -->
	<!-- ############################ -->
	<!-- ############################ -->
	
		<!-- Note: 	Did not use 30032_PostPaid_SMS in PostPiadStart.xml because for
				300032_CheckSMSRc (PostPaidStart.xml)we need to set 
	 			a different success audio for the SMS send -->

	<SubMenu name="30023_PostPaid_VAS_AutoSendSMS" mode="DTMF" type="BusinessLogic"	markPosition="false">
	
		<MenuDefault targetType="submenu" targetMode="DTMF" 
					 handler="com.selfserv.ivr.handler.SMS" 
		          	 targetName="30032_VAS_CheckSMSRc"/>  
	</SubMenu>	
		
	<!-- ############################ -->
	<!-- ############################ -->
	<!-- ############################ -->
	
	<!-- Note: 	Did not use the 300032_CheckSMSRc (PostPaidStart.xml) 
	 			because we needed to play a different success audio  -->
	 			
	<SubMenu name="30032_VAS_CheckSMSRc" mode="DTMF" type="BusinessLogic"	markPosition="false"	>
	
	    <!-- SMS message sent -->
		<MenuDefault cond="DBRC EQ S"
		             targetType="submenu" targetMode="DTMF"
		             dest="SMSAudioToPlay:5127"
			         targetName="30032_Postpaid_VAS_PostSMSSend"/>
			         	
	    <!-- SMS message not sent - Do not play the unable to process request msg -->
		<MenuDefault 
					 targetType="submenu" targetMode="DTMF"
		             dest="SMSAudioToPlay:5253"
			         targetName="GlobalPrompting"/>
	 
	</SubMenu>
	
	<!-- ############################ -->
	<!-- ############################ -->
	<!-- ############################ -->
	
	<SubMenu name="30032_Postpaid_VAS_PostSMSSend" mode="DTMF" type="PromptPlay"	markPosition="false" >	

    	<Audio tts="You will soon receive an SMS on your mobile OR
    				Sorry we are unable to process your request now.">
    		(SMSAudioToPlay:wavfile)	    	    
    	</Audio>    
		<MenuDefault targetType="submenu" targetMode="DTMF" 
			         targetName="GlobalPrompting"/>
	</SubMenu>	
	
		
	<!-- ############################ -->
	<!-- ############################ -->
	<!-- ############################ -->
	
</CallRouting>