<?xml version="1.0" encoding="UTF-8"?>

<CallRouting name="PostPaidBillingDetails" releaseVersion="0.0" fileVersion="0.0"
	start="" startMode="" audioDir=""
	xmlns="http://ibm.com/ivr/framework/model"
	xmlns:xsi="http://www.w3.org/2001/XMLSchema-instance" 
	xsi:schemaLocation="http://ibm.com/ivr/framework/model IVRFramework.xsd">

    <!--  										        -->
	<!-- Starting point for PostPaid Billing Callflow 	-->
	<!-- 	Call Flow page 10					        -->
	<!--  										        -->
	
	<Operator/>

 		
		            <!-- ############################ -->
		            <!-- ############################ -->
		            <!-- ############################ -->
		            
	<!-- When calling this menu please issue a dest="40011_BillingDetailsPrevMenu:XXX"  -->
	<!-- Where XXX is the previous menu to return to upon entry into this menu.   This menu can be used by pages 10 & 56 -->
	<!-- Assuming the doc is accurate -->
		            
	<SubMenu name="40011_BillingDetails" mode="DTMF" type="BusinessLogic" markPosition="false"
	                                     set="previousMenu:$40011_BillingDetailsPrevMenu">

	    <!--  -->
		<MenuDefault cond="balCount NE 4"
		             targetType="submenu" targetMode="DTMF" 
			         targetName="40011_PlayBalance"/>

	    <!--  -->
		<MenuDefault targetType="submenu" targetMode="DTMF" 
			         targetName="40011_WhatToDoNext"/>
			         
	</SubMenu>
		            <!-- ############################ -->
		            
	<SubMenu name="40011_BalCountCheck" mode="DTMF" type="BusinessLogic" markPosition="false">

	    <!--  -->
		<MenuDefault cond="balCount EQ 0"
		             targetType="submenu" targetMode="DTMF"
		             dest="balCount:1" 
			         targetName="40011_WhatToDoNext"/>

	    <!--  -->
		<MenuDefault cond="balCount EQ 1"
		             targetType="submenu" targetMode="DTMF"
		             dest="balCount:2" 
			         targetName="40011_WhatToDoNext"/>

	    <!--  -->
		<MenuDefault targetType="submenu" targetMode="DTMF"
		             dest="balCount:4"
			         targetName="40011_WhatToDoNext"/>
			         
	</SubMenu>
		            <!-- ############################ -->

     <!-- Removed Menu 40011_PlayBalance  and merged with  40011_WhatToDoNext -->
	<SubMenu name="40011_PlayBalance" mode="DTMF" type="PromptPlay" markPosition="true">


	    <!--  Play the outstanding balance and due date -->	   
		<Audio  tts="Dear Customer, your current billed outstanding as of today is
		             (Play Balance)">	
				5023.wav
				(customer.billCurrentOutstandingAmt:rupee)
		</Audio>
		
		<Audio  cond="customer.billPayableByDate NE NULL, customer.billPayableByDate NE SPACECHAR"
		        tts="which is payable by
		             (Play Date)">	
				5027.wav
				(customer.billPayableByDate:DDMMYYYY)
		</Audio>
		
		<Audio  tts="The unbilled amount is rupees">	
				5028.wav
				(customer.billUnbilledAmt:rupee)
		</Audio>
	
	    <!--  -->
		<MenuDefault targetType="submenu" targetMode="DTMF" 
			         targetName="40011_BalCountCheck"/>
			         
	</SubMenu>
		            
		            <!-- ############################ -->
		
	<!-- UAT related changes  -->	 
    <!-- Moved playing of balance and unbilled amt to this menu so it can be interrupted --> 
    <!-- Changed the unbilled amt to NOT be a whole number played -->          
	<SubMenu name="40011_WhatToDoNext" mode="DTMF" set="previousMenu:$40011_BillingDetailsPrevMenu" markPosition="true">


	    <!--  Play the options available -->	   
		<!--  If caller has heard the balance 3 times then do not offer this option -->		
		<Audio cond="balCount NE 4" 
			   tts="If you would like to listen to the information again, press 1">	
				5029.wav
		</Audio>

	    <!--  These options are always offered -->	   
		<Audio  tts="To know your last payment made press 2
		             To Pay your Vodafone bills through credit card press 3
		             To know your credit limit press 4
		             To go back to previous menu press hash	Press star to go to the Main menu">	
				5030.wav
				5031.wav
				5032.wav
				6000.wav
		</Audio>

			
		<Choice dtmf="1" cond="balCount NE 4"		        
		        targetType="submenu" targetMode="DTMF"
			    targetName="40011_PlayBalance"/>
			
		<Choice dtmf="2" 
				dest="previousMenu:40011_WhatToDoNext"		        
		        targetType="submenu" targetMode="DTMF"
			    targetName="40011_LastPayment"/>
			
	    <!-- 40000_PayByCC implements page 12 -->
		<Choice dtmf="3" 		        
		        targetType="submenu" targetMode="DTMF"
		        dest="ccTranType:P;
		              ccReturnMenu:none;
		              previousMenu:40011_WhatToDoNext"		    
			    targetName="40000_PayByCC"/>
			
		<Choice dtmf="4"
				dest="previousMenu:40011_WhatToDoNext"		     		        
		        targetType="submenu" targetMode="DTMF"
			    targetName="40011_CreditLimit"/>
	
			         
	</SubMenu>
		            <!-- ############################ -->
	<SubMenu name="40011_CreditLimit" mode="DTMF" type="BusinessLogic" markPosition="false">

	    <!-- If last payment exists   (Both Amt and Date) -->
		<MenuDefault cond="customer.billCreditLimitAmt NE NULL, 
	   	                       customer.billCreditLimitAmt NE SPCAECHAR, 
	   	                         customer.billCreditLimitAmt CurrencyGT 0.00"
		             targetType="submenu" targetMode="DTMF" 
			         targetName="40011_CreditLimitYes"/>
			         
			         
	    <!-- If last payment does not exist -->
		<MenuDefault targetType="submenu" targetMode="DTMF" 
			         targetName="40011_CreditLimitNo"/>
			         
	</SubMenu>
		            <!-- ############################ -->
		            
	<SubMenu name="40011_CreditLimitYes" mode="DTMF" type="PromptPlay"	 markPosition="false">


	    <!--  Play the last payment and payment date -->	 	    
	   	<Audio  
	   	        tts="Your available credit limit is ">	
				5037.wav
				(customer.billCreditLimitAmt:rupeewhole)
		</Audio>
		<MenuDefault targetType="submenu" targetMode="DTMF" 
			         targetName="GlobalPrompting"/>

			         
	</SubMenu>
		            <!-- ############################ -->
		            
	<SubMenu name="40011_CreditLimitNo" mode="DTMF" type="PromptPlay"	 markPosition="false">


	    <!--  Play that there has been no payments made -->	 	    
	   	<Audio  
	   	        tts="Your available credit limit is Rupees zero">	
				5036.wav
		</Audio>
		
		<MenuDefault targetType="submenu" targetMode="DTMF" 
			         targetName="GlobalPrompting"/>

			         
	</SubMenu>
	
	
		            <!-- ############################ -->
	<SubMenu name="40011_LastPayment" mode="DTMF" type="BusinessLogic" markPosition="false">

	    <!-- If last payment exists   (Both Amt and Date) -->
		<MenuDefault cond="customer.billLastPaymentAmt NE NULL, 
	   	                     customer.billLastPaymentDate NE NULL, 
	   	                       customer.billLastPaymentDate NE SPCAECHAR, 
	   	                         customer.billLastPaymentAmt NE SPACECHAR"
		             targetType="submenu" targetMode="DTMF" 
			         targetName="40011_LastPaymentYes"/>
			         
			         
	    <!-- If last payment does not exist -->
		<MenuDefault targetType="submenu" targetMode="DTMF" 
			         targetName="40011_LastPaymentNo"/>
			         
	</SubMenu>
		            <!-- ############################ -->
		            
	<SubMenu name="40011_LastPaymentYes" mode="DTMF" type="PromptPlay"	 markPosition="false">


	    <!--  Play the last payment and payment date -->	 	    
	   	<Audio  
	   	        tts="Last payment made by you was
		             (Play Balance)
		             which was received on
		             (Play Date">	
				5034.wav
				(customer.billLastPaymentAmt:rupee)
				5035.wav
				(customer.billLastPaymentDate:DDMMYYYY)
		</Audio>

		<MenuDefault targetType="submenu" targetMode="DTMF" 
			         targetName="GlobalPrompting"/>
			         
	</SubMenu>
		            <!-- ############################ -->
		            
	<SubMenu name="40011_LastPaymentNo" mode="DTMF" type="PromptPlay"	markPosition="false">

	    <!--  Play that there has been no payments made -->	 	    
	   	<Audio  
	   	        tts="Sorry you have not made any payment so far">	
				5033.wav
		</Audio>

		<MenuDefault targetType="submenu" targetMode="DTMF" 
			         targetName="GlobalPrompting"/>
			         
	</SubMenu>

 		            <!-- ############################ -->

</CallRouting>