<?xml version="1.0" encoding="UTF-8"?>

<CallRouting name="PostPaidBillingDupItm" releaseVersion="0.0" fileVersion="0.0"
	start="" startMode="" audioDir=""
	xmlns="http://ibm.com/ivr/framework/model"
	xmlns:xsi="http://www.w3.org/2001/XMLSchema-instance" 
	xsi:schemaLocation="http://ibm.com/ivr/framework/model IVRFramework.xsd">

    <!--  										-->
	<!-- Starting point for PostPaid Billing Callflow 	-->
	<!-- 	Call Flow page 10					-->
	<!--  										-->
	
	<Operator/>

 		
		            <!-- ############################ -->
		            <!-- ############################ -->
		            <!-- ############################ -->
		<!--   -->
	    <!-- Where XXX is the previous menu to return to upon entry into this menu.   This menu can be used by pages 19 & 64 -->
		            
	<SubMenu name="40019_ItemizedBill" mode="DTMF" type="BusinessLogic" markPosition="false">

	
		<!-- Got Service Flag OK -->
		<MenuDefault cond="DBRC EQ S, customer.serviceFlag EQ Y"
		             targetType="submenu" targetMode="DTMF"
		             handler="com.selfserv.ivr.handler.IVRServices" 
			         targetName="40019_IVRServicesCheckRc"/>

	
		<!-- Got Service Flag OK -->
		<MenuDefault cond="DBRC EQ S, customer.serviceFlag NE Y"
		             targetType="submenu" targetMode="DTMF"
			         targetName="40019_ItemizedBillMenu"/>

			         
		<!--  DataBase Link(s) are down -->
		<MenuDefault targetType="submenu" targetMode="DTMF" 
			         targetName="90000_TechDiffGlobal"/>
			         
			         
	</SubMenu>
	
	<!-- ############################ -->
	
	<SubMenu name="40019_IVRServicesCheckRc" mode="DTMF" type="BusinessLogic"	markPosition="false">
	
		<MenuDefault cond="DBRC EQ S"
		             targetType="submenu" targetMode="DTMF"
			         targetName="40019_ItemizedBillMenu"/>	
			         
		<!--  DataBase Link(s) are down -->
		<MenuDefault targetType="submenu" targetMode="DTMF" 
			         targetName="90000_TechDiffGlobal"/>
			         
	</SubMenu>
	
	<!-- ############################ -->
				   	
	<SubMenu name="40019_ItemizedBillMenu" mode="DTMF"   markPosition="true"  
	                                                     set="previousMenu:$40019_ItemizedBillPrevMenu"> 

	    <!--   -->	   
		<Audio  cond="customer.serviceFlag EQ Y, customer.serviceID_DCIB EQ d"
		        tts="To Activate Itemized billing press 1">	
				5067.wav
		</Audio>
		
	    <!--   -->	   
		<Audio  cond="customer.serviceFlag EQ Y, customer.serviceID_DCIB NE d"
		        tts="To Deactivate Itemized billing press 1">	
				5068.wav
		</Audio>
	     
	    <!--   -->	   
		<Audio tts="To know about the features and charges press 2.
		            To go back to the previous menu press # To go back to the main menu press *">
		       5072.wav	
		       6000.wav
		</Audio>
		

		<Choice cond="customer.serviceFlag EQ Y, customer.serviceID_DCIB EQ d"
		        dtmf="1"
		        dest="previousMenu:40019_ItemizedBillMenu"         
		        targetType="submenu" targetMode="DTMF"
			    targetName="40019_ActDactConfirm"/>
			    
		<Choice cond="customer.serviceFlag EQ Y, customer.serviceID_DCIB NE d"
		        dtmf="1"  
		        dest="previousMenu:40019_ItemizedBillMenu"         
		        targetType="submenu" targetMode="DTMF"
			    targetName="40019_ActDactConfirm"/>


		<Choice dtmf="2"         
		        targetType="submenu" targetMode="DTMF"
		        dest="40020_ProdFeatPrevMenu:40019_ItemizedBillMenu;previousMenu:40019_ItemizedBillMenu"  
			    targetName="40020_ProdFeat"/>
								
	</SubMenu>
	
		            <!-- ############################ -->

	<SubMenu name="40019_ActDactConfirm" mode="DTMF" markPosition="false">
	
		   <Audio cond="customer.serviceFlag EQ Y, customer.serviceID_DCIB EQ d"
		          tts="On activation of Itemized Bill, you will be charged a monthly rent of Rs.50">
		          5069.wav
		   </Audio>
		   
		   <Audio tts="To confirm press 1
		               To cancel press 2">
		          5288.wav
		          5289.wav
		   </Audio>
			         
	
		<Choice dtmf="1"         
		        targetType="submenu" targetMode="DTMF"
			    targetName="40019_CheckCSSSession"/>
			    
		<Choice dtmf="2"         
		        targetType="submenu" targetMode="DTMF"
			    targetName="GlobalPrompting"/>
			         
	</SubMenu>
	
	
	<!-- ############################ -->

	<SubMenu name="40019_CheckCSSSession" mode="DTMF" type="BusinessLogic" markPosition="false">	

		<MenuDefault cond="customer.serviceID_DCIB EQ d"
		             targetType="submenu" targetMode="DTMF"
		             dest="serviceAction:A;serviceKey:DC_IB;vasService:ItemisedBilling"	             
		             handler="com.selfserv.ivr.handler.ActivateService"
			         targetName="40019_CSSCheckRc"/>
			         
		<MenuDefault targetType="submenu" targetMode="DTMF"
		             dest="serviceAction:D;serviceKey:DC_IB;vasService:ItemisedBilling"		             
		             handler="com.selfserv.ivr.handler.ActivateService"
			         targetName="40019_CSSCheckRc"/>

	</SubMenu>
	
		            <!-- ############################ -->

	<SubMenu name="40019_CSSCheckRc" mode="DTMF" type="PromptPlay"	markPosition="false">
	
		   <Audio cond="DBRC EQ S, serviceAction EQ A"
		          tts="We have received your request and this service will be activated within 2 hours">
		          5070.wav
		   </Audio>
		   
		   <Audio cond="DBRC EQ S, serviceAction EQ D"
		          tts="We have received your request and this service will be deactivated within 2 hours">
		          5302.wav
		   </Audio>
			         
		   
		   <Audio cond="DBRC NE S"
		          tts="Sorry we are unable to process your request at this time">
		          5253.wav
		   </Audio>
	
		<MenuDefault cond="DBRC EQ S"
					 handler="com.selfserv.ivr.handler.VASlog"
					 targetType="submenu" targetMode="DTMF"		             
			         targetName="GlobalPrompting"/>	
	         
   		<MenuDefault 
					 targetType="submenu" targetMode="DTMF"		             
			         targetName="GlobalPrompting"/>	     
			         
	</SubMenu>
	
	<!-- ############################ -->


</CallRouting>