<?xml version="1.0" encoding="UTF-8"?>

<CallRouting name="PostPaidBillingDupItm" releaseVersion="0.0" fileVersion="0.0"
	start="" startMode="" audioDir=""
	xmlns="http://ibm.com/ivr/framework/model"
	xmlns:xsi="http://www.w3.org/2001/XMLSchema-instance" 
	xsi:schemaLocation="http://ibm.com/ivr/framework/model IVRFramework.xsd">

    <!--  										-->
	<!-- Starting point for PostPaid Billing Callflow 	-->
	<!-- 	Call Flow page 10					-->
	<!--  										-->
	
	<Operator/>

 		
		            <!-- ############################ -->
		            <!-- ############################ -->
		            <!-- ############################ -->
		<!-- When calling this menu please issue a dest="40017_DupItmBillPrevMenu:XXX"  -->
	    <!-- Where XXX is the previous menu to return to upon entry into this menu.   This menu can be used by pages 17,18 & 62 -->
		            
	<SubMenu name="40017_DupItmBill" mode="DTMF" type="BusinessLogic" markPosition="false">
	
		<!--  -->
		<MenuDefault targetType="submenu" targetMode="DTMF" 
		             handler="com.selfserv.ivr.handler.DupBillMonth"
			         targetName="40017_DupItmBillMenu"/>
			         
	</SubMenu>
	
	<!-- ############################ -->
	
	<!-- Needed to move the setting of previousMenu here for ppossible return from  40019_ItemizedBill-->			   	
	<SubMenu name="40017_DupItmBillMenu" mode="DTMF"   markPosition="false"  
	                                                   set="previousMenu:$40017_DupItmBillPrevMenu"> 
	     
	    <!--   -->	   
		<Audio cond="LANG EQ ENG"
			   tts="To subscribe to Itemized bill press 1
		            To get the duplicate bill for the month of
		              (Current Month)
		            Press 2
		            To get the duplicate bill for the month of
		              (Previous Month)
		            Press 3
		            To go back to the previous menu press # To go back to the main menu press *">	
				5059.wav
				5060.wav
				(curMonth:MM)
				5256.wav
				5060.wav
				(lstMonth:MM)
				5257.wav
				6000.wav
		</Audio>
		
		<Audio cond="LANG NE ENG"
			   tts="To subscribe to Itemized bill press 1
		              (Current Month)
		            To get the duplicate bill for the month of
		            Press 2
		              (Previous Month)
		            To get the duplicate bill for the month of
		            Press 3
		            To go back to the previous menu press # To go back to the main menu press *">	
				5059.wav
				(curMonth:MM)
				5060.wav
				5256.wav
				(lstMonth:MM)
				5060.wav
				5257.wav
				6000.wav
		</Audio>

		<Choice dtmf="1"         
		        targetType="submenu" targetMode="DTMF"
		        dest="40019_ItemizedBillPrevMenu:40017_DupItmBillMenu;previousMenu:40017_DupItmBillMenu"
		        handler="com.selfserv.ivr.handler.GetServiceFlag"
			    targetName="40019_ItemizedBill"/>

		<Choice dtmf="2"         
		        targetType="submenu" targetMode="DTMF"
		        dest="Month:$curMonthText;Year:$strCurMonthYear;previousMenu:40017_DupItmBillMenu"
			    targetName="40017_CheckCSSSession"/>

		<Choice dtmf="3"         
		        targetType="submenu" targetMode="DTMF"
		        dest="Month:$lstMonthText;Year:$strLstMonthYear;previousMenu:40017_DupItmBillMenu"
			    targetName="40017_CheckCSSSession"/>
								
	</SubMenu>
	
	<!-- ############################ -->

	<SubMenu name="40017_CheckCSSSession" mode="DTMF" type="BusinessLogic" markPosition="true">	

		<MenuDefault cond="cssSessionExists EQ true"
		             targetType="submenu" targetMode="DTMF"
			         targetName="40017_DeliveryMethod"/>
		         
		<MenuDefault targetType="submenu" targetMode="DTMF" 
	                 dest="CSSCommand:CRSS" 
	                 handler="com.selfserv.ivr.handler.CSSServer"
			         targetName="40017_ReCheckCSSSession"/>		         

	</SubMenu>
	
	<!-- ############################ -->

	<SubMenu name="40017_ReCheckCSSSession" mode="DTMF" type="BusinessLogic" markPosition="false">	

		<MenuDefault cond="cssSessionExists EQ true"
		             targetType="submenu" targetMode="DTMF"
			         targetName="40017_DeliveryMethod"/>
		         
		<MenuDefault targetType="submenu" targetMode="DTMF"		             
			         targetName="90000_TechDiff"/>		         

	</SubMenu>
	
	<!-- ############################ -->
				   	
	<SubMenu name="40017_DeliveryMethod" mode="DTMF"   markPosition="false"> 
	     
	    <!--   -->	   
		<Audio tts="To get the duplicate bill details by e-mail press 1
		            To get the duplicate bill details by Courier press 2
		            To go back to the previous menu press # To go back to the main menu press *">	
				5061.wav
				5062.wav
				6000.wav
		</Audio>
		

		<Choice cond="customer.billBillEmail NE NULL, customer.billBillEmail NE SPACECHAR"
		        dtmf="1"         
		        targetType="submenu" targetMode="DTMF"
		        dest="CSSCommand:DBILLE"
		        handler="com.selfserv.ivr.handler.CSSServer"
			    targetName="40017_CheckDupRequestEMAIL"/>

		<Choice cond="customer.billBillEmail EQ NULL"
		        dtmf="1"         
		        targetType="submenu" targetMode="DTMF"
			    targetName="40017_MailNotAvail"/>

		<Choice cond="customer.billBillEmail EQ SPACECHAR"
		        dtmf="1"         
		        targetType="submenu" targetMode="DTMF"
			    targetName="40017_MailNotAvail"/>

		<Choice dtmf="2"         
		        targetType="submenu" targetMode="DTMF"
		        dest="CSSCommand:DBILLC"
		        handler="com.selfserv.ivr.handler.CSSServer"
			    targetName="40017_CheckDupRequestCOURIER"/>
								
	</SubMenu>
		<!-- ############################ -->

	<SubMenu name="40017_CheckDupRequestEMAIL" mode="DTMF" type="BusinessLogic" markPosition="true">	

		<MenuDefault targetType="submenu" targetMode="DTMF"		             
			         targetName="40017_CheckDupRequest"/>		         

	</SubMenu>
		<!-- ############################ -->

	<SubMenu name="40017_CheckDupRequestCOURIER" mode="DTMF" type="BusinessLogic" markPosition="true">	

		<MenuDefault targetType="submenu" targetMode="DTMF"		             
			         targetName="40017_CheckDupRequest"/>		         

	</SubMenu>
	
		            <!-- ############################ -->
		            	
 	<SubMenu name="40017_CheckDupRequest" mode="DTMF" type="BusinessLogic"	markPosition="false" >
	
	    <!-- Dup Bill Request successful -->
	    <!-- Set msg to play =  We have received your request for duplicate bill and it  will be sent to your address within 2 working days -->
		<MenuDefault cond="DBRC EQ S, CSSCommand EQ DBILLC"
		             targetType="submenu" targetMode="DTMF"
		             dest="dupBillAudioToPlay:5312"
			         targetName="40017_DupBillEnd"/>
			         
	    <!-- Dup Bill Request successful -->
	    <!-- Set msg to play = We have received your request for duplicate bill and it will be sent to your email ID shortly -->
		<MenuDefault cond="DBRC EQ S, CSSCommand EQ DBILLE"
		             targetType="submenu" targetMode="DTMF"
		             dest="dupBillAudioToPlay:5290"
			         targetName="40017_DupBillEnd"/>
	 			         	
	    <!-- Dup Bill Request failed -->
		<MenuDefault targetType="submenu" targetMode="DTMF"
			         targetName="90000_TechDiffGlobal"/>
			         
	</SubMenu>


		            <!-- ############################ -->

	<SubMenu name="40017_DupBillEnd" mode="DTMF" type="PromptPlay"	markPosition="false">
	
		   <Audio tts=" See SubMenu 40017_CheckDupRequest for msg details ">
		               (dupBillAudioToPlay:wavfile)
		   </Audio>
			         
	
		<MenuDefault targetType="submenu" targetMode="DTMF" 
			         targetName="GlobalPrompting"/>
			         
	</SubMenu>
	
	<!-- ############################ -->
				   	
	<SubMenu name="40017_MailNotAvail" mode="DTMF"   markPosition="true"> 
	     
	    <!--   -->	   
		<Audio tts="Sorry your e-mail ID is currently not available with us.
		           If you wish to register your email id in our database then please type EMAIL xxxxx as an SMS to 111. 
		            However, if you wish to receive the duplicate bill by courier press 1
		            To speak with our Vodafone care executive press 9.
		            To go back to the previous menu press # To go back to the main menu press *">	
				5063.wav
				5132.wav
				6000.wav
		</Audio>
		

		<Choice dtmf="1"         
		        targetType="submenu" targetMode="DTMF"
		        dest="CSSCommand:DBILLC"
		        handler="com.selfserv.ivr.handler.CSSServer"
			    targetName="40017_CheckDupRequestCOURIER"/>

		<Choice dtmf="9"         
		        targetType="submenu" targetMode="DTMF"
			    targetName="90000_CCEStart"/>
								
	</SubMenu>


</CallRouting>