<?xml version="1.0" encoding="UTF-8"?>

<CallRouting name="PostPaidBillingProdFea" releaseVersion="0.0" fileVersion="0.0"
	start="" startMode="" audioDir=""
	xmlns="http://ibm.com/ivr/framework/model"
	xmlns:xsi="http://www.w3.org/2001/XMLSchema-instance" 
	xsi:schemaLocation="http://ibm.com/ivr/framework/model IVRFramework.xsd">

    <!--  										        -->
	<!-- Starting point for PostPaid Billing Callflow 	-->
	<!-- 	Call Flow page 10					        -->
	<!--  										        -->
	
	<Operator/>

 		
		            <!-- ############################ -->
		            <!-- ############################ -->
		            <!-- ############################ -->
		            
	<!-- -->
	<!-- This menu can be used by pages 20 & 65 -->
		            
	<SubMenu name="40020_ProdFeat" mode="DTMF" type="BusinessLogic" markPosition="false"
	                                             set="previousMenu:$40020_ProdFeatPrevMenu">

	    <!--  -->
		<MenuDefault targetType="submenu" targetMode="DTMF" 
			         targetName="40020_ProdFeatMain"/>
			         
	</SubMenu>
	
	<!-- ############################ -->
				   	
	<SubMenu name="40020_ProdFeatMain" mode="DTMF"   markPosition="true"> 
	     
	    <!--   -->	   
		<Audio tts="Detailed or Itemized bill allows you to view details of all the calls
		               made by you as per date, time and duration. It will give you a break 
		               up of your local calls, STD calls, ISD calls as well as SMS sent by you, 
		               thereby helping you analyse your call pattern. For more details on itemized
		                bill you may also logon to our website www.vodafone.in. The monthly rental for this service is Rs.50
		            If you wish to receive this information as an SMS on your Vodafone mobile phone press 1
		            To go back to the previous menu press # To go back to the main menu press *">	
				5073.wav
				5074.wav
				6000.wav
		</Audio>
		
		<Choice dtmf="1"         
		        targetType="submenu" targetMode="DTMF"
		        dest="smsCmd:cached;
			          smsKey:ITEM;
			          smsTranType:ItemizedBill"
			          handler="com.selfserv.ivr.handler.SMS"
			    targetName="40020_ProdFeatCheckSMSRc"/>
								
	</SubMenu>
	
	<!-- ############################ -->
	
	<SubMenu name="40020_ProdFeatCheckSMSRc" mode="DTMF" type="BusinessLogic"	markPosition="false"	>
	
	    <!-- SMS message sent -->
	    <!-- Audio to play = You will soon receive the information as an SMS on your mobile -->
		<MenuDefault cond="DBRC EQ S"
		             targetType="submenu" targetMode="DTMF"
		             dest="prodFeatAudioPlay:5303"
			         targetName="40020_ProdFeatPlayAudio"/>
			         	
	    <!-- SMS message not sent -->
	    <!-- Audio to play = Sorry we are unable to process your request now -->	    
		<MenuDefault 
					 targetType="submenu" targetMode="DTMF"
		             dest="prodFeatAudioPlay:5253"
			         targetName="40020_ProdFeatPlayAudio"/>
	 
	</SubMenu>
	
	<!-- ############################ -->
	
	<SubMenu name="40020_ProdFeatPlayAudio" mode="DTMF" type="PromptPlay"	markPosition="false" >	
    	
    	<Audio 	tts="See 40020_ProdFeatCheckSMSRc for audio that will play
    				To go back to previous menu press hash Press star to go to the Main menu">
				(prodFeatAudioPlay:wavfile)		
		</Audio>

	    <!--  -->
		<MenuDefault targetType="submenu" targetMode="DTMF" 
			         targetName="GlobalPrompting"/>
   	    			
	</SubMenu>	
	
	<!-- ############################ -->

</CallRouting>