<?xml version="1.0" encoding="UTF-8"?>

<CallRouting name="PostPaidRoamingStart" releaseVersion="0.0" fileVersion="0.0"
	start="" startMode="" audioDir=""
	xmlns="http://ibm.com/ivr/framework/model"
	xmlns:xsi="http://www.w3.org/2001/XMLSchema-instance" 
	xsi:schemaLocation="http://ibm.com/ivr/framework/model IVRFramework.xsd">

    <!--  										-->
	<!-- Starting points for PostPaid Roaming and ISD Callflow 	-->
	<!-- 	30029_PostPaidRoaming_ActDeact		-->
	<!--  										-->
	
	<Operator/>
	<!-- ############################ -->
	<!-- ############################ -->
	<!-- ############################ -->
	
	<SubMenu name="30029_PostPaidRoaming_start" mode="DTMF" type="BusinessLogic"	markPosition="false">
	
		<MenuDefault cond="customer.callerFound EQ Y"
					targetType="submenu" targetMode="DTMF"  
		          	targetName="30029_PostPaidRoaming_ActDeact"/> 
		          	 
		<MenuDefault 
					targetType="submenu" targetMode="DTMF"  
		          	targetName="30029_PostPaidRoaming_promo"/>  
	</SubMenu>	
	 


	<SubMenu name="30029_PostPaidRoaming_ActDeact" mode="DTMF" type="BusinessLogic"	markPosition="false">
	
		<MenuDefault targetType="submenu" targetMode="DTMF" 
					 handler="com.selfserv.ivr.handler.GetServiceFlag" 
		          	 targetName="30029_PostPaidRoaming_GetServiceFlagCheckRc"/>  
	</SubMenu>	
	
	<SubMenu name="30029_PostPaidRoaming_GetServiceFlagCheckRc" mode="DTMF" type="BusinessLogic"	markPosition="false">
	
		<MenuDefault cond="DBRC EQ S, customer.serviceFlag EQ Y"
		             targetType="submenu" targetMode="DTMF"
			         targetName="30029_PostPaidRoaming_ActDeact_2"/>	
			         
		<MenuDefault cond="DBRC EQ S"
		             targetType="submenu" targetMode="DTMF"
			         targetName="30029_PostPaidRoaming_promo"/>		         
		<!--  DataBase Link(s) are down -->
		<MenuDefault targetType="submenu" targetMode="DTMF" 
			         targetName="90000_IVRDBLINKDOWN"/>
			         
	</SubMenu>
		

	<SubMenu name="30029_PostPaidRoaming_ActDeact_2" mode="DTMF" type="BusinessLogic"	markPosition="false">
	
		<MenuDefault targetType="submenu" targetMode="DTMF" 
					 handler="com.selfserv.ivr.handler.IVRServices" 
		          	 targetName="30029_PostPaidRoaming_ActDeactIVRServicesCheckRc"/>  
	</SubMenu>	
	
	<SubMenu name="30029_PostPaidRoaming_ActDeactIVRServicesCheckRc" mode="DTMF" type="BusinessLogic"	markPosition="false">
	
		<MenuDefault cond="DBRC EQ S"
		             targetType="submenu" targetMode="DTMF"
			         targetName="30029_PostPaidRoaming_promo"/>	
			         
		<!--  DataBase Link(s) are down -->
		<MenuDefault targetType="submenu" targetMode="DTMF" 
			         targetName="90000_IVRDBLINKDOWN"/>
			         
	</SubMenu>
		
	
	<!-- ############################ -->
	
	<SubMenu name="30029_PostPaidRoaming_promo" mode="DTMF" markPosition="false" vxml="timeout:1s">
		<Audio
			tts="">	
				5076.wav
		</Audio>

        <Choice dtmf="#" targetType="submenu" targetMode="DTMF"                   
 					 targetName="30029_PostPaidRoaming"/>

        <Choice dtmf="*" targetType="submenu" targetMode="DTMF"                   
 					 targetName="30029_PostPaidRoaming"/>

        <NoInput count="1" targetType="submenu" targetMode="DTMF"                       
 					 targetName="30029_PostPaidRoaming"/>

        <NoMatch count="1" targetType="submenu" targetMode="DTMF"                       
 					 targetName="30029_PostPaidRoaming"/>
	</SubMenu>	
	
	<!-- ############################ -->  																				  
	
	
	
 	<SubMenu name="30029_PostPaidRoaming" mode="DTMF"   markPosition="true" set="previousMenu:30009_PostPaidMainMenu">        
		<Audio
			tts="For National roaming press 1
				For ISD services press 2
				For International roaming press 3
				For Basic international roaming press 4
				To go back to previous menu press hash
				Press star to go to the Main menu">	
				5077.wav 5051.wav 5052.wav 5065.wav 6000.wav
		</Audio>
		<!-- Notes: vasService will be needed for VASLOG handler if caller activates/deactivates, 
					smsKey will be needed if caller want and SMS sent for product feature info  -->

		<Choice dtmf="1" cond="customer.serviceFlag EQ Y"
			targetType="submenu" targetMode="DTMF" 
			dest="cmservCd:DC_NR;vasService:National Roaming;smsKey:NR;
				nextPromoMenuForThisOpt:30029_PostPaidRoaming_promo_opt1" 
			handler="com.selfserv.ivr.handler.CreditMatrix" 
			targetName="30029_PostPaidRoaming_CreditMatrixCheckRc"/>   
			
		<Choice dtmf="1" cond="customer.serviceFlag NE Y"
			targetType="submenu" targetMode="DTMF" 
			dest="cmservCd:DC_NR;vasService:National Roaming;smsKey:NR" 
			targetName="30029_PostPaidRoaming_promo_opt1"/>   	
			
		<Choice dtmf="2" cond="customer.serviceFlag EQ Y"
			targetType="submenu" targetMode="DTMF"  
			dest="cmservCd:DC_ISD;vasService:ISD;smsKey:ISD;
				nextPromoMenuForThisOpt:30029_PostPaidRoaming_promo_opt2"  
			handler="com.selfserv.ivr.handler.CreditMatrix" 		
			targetName="30029_PostPaidRoaming_CreditMatrixCheckRc"/>   

		<Choice dtmf="2" cond="customer.serviceFlag NE Y"
			targetType="submenu" targetMode="DTMF"  
			dest="cmservCd:DC_ISD;vasService:ISD;smsKey:ISD" 
			targetName="30029_PostPaidRoaming_promo_opt2"/>   


		<Choice dtmf="3" cond="customer.serviceFlag EQ Y"
			targetType="submenu" targetMode="DTMF" 
			dest="cmservCd:DC_IR;vasService:International Roaming;smsKey:IR;
					nextPromoMenuForThisOpt:30029_PostPaidRoaming_promo_opt3" 
			handler="com.selfserv.ivr.handler.CreditMatrix" 		
			targetName="30029_PostPaidRoaming_CreditMatrixCheckRc"/>   
			
		<Choice dtmf="3"  cond="customer.serviceFlag NE Y"
			targetType="submenu" targetMode="DTMF" 
			dest="cmservCd:DC_IR;vasService:International Roaming;smsKey:IR" 
			targetName="30029_PostPaidRoaming_promo_opt3"/>   
			
		<Choice dtmf="4" cond="customer.serviceFlag EQ Y"
			targetType="submenu" targetMode="DTMF"  
			dest="cmservCd:DC_BIR;vasService:Basic International Roaming;smsKey:BIR;
				  nextPromoMenuForThisOpt:30029_PostPaidRoaming_promo_opt4" 
			handler="com.selfserv.ivr.handler.CreditMatrix" 			
			targetName="30029_PostPaidRoaming_CreditMatrixCheckRc"/> 
			
		<Choice dtmf="4"  cond="customer.serviceFlag NE Y"
			targetType="submenu" targetMode="DTMF"  
			dest="cmservCd:DC_BIR;vasService:Basic International Roaming;smsKey:BIR" 
			targetName="30029_PostPaidRoaming_promo_opt4"/> 			
	  

	</SubMenu>	

	<!-- ############################ -->  		
	
	<SubMenu name="30029_PostPaidRoaming_CreditMatrixCheckRc" mode="DTMF" type="BusinessLogic"	markPosition="false">
	
		<MenuDefault cond="DBRC EQ S"
		             targetType="submenu" targetMode="DTMF"
			         targetName="$nextPromoMenuForThisOpt"/>	
	
	    <!--  Design decision is to treat Record Not Found as "Not Allowed" to Act/Deact service -->
		<MenuDefault cond="DBRC EQ F_NF"
		             targetType="submenu" targetMode="DTMF"
			         targetName="$nextPromoMenuForThisOpt"/>	
			         
		<!--  DataBase Link(s) are down -->
		<MenuDefault targetType="submenu" targetMode="DTMF" 
			         targetName="90000_IVRDBLINKDOWN"/>
			         
	</SubMenu>
			

	<!-- ############################ -->  		
	
	<SubMenu name="30029_PostPaidRoaming_promo_opt1" mode="DTMF" markPosition="false" vxml="timeout:1s">	
		<Audio
			tts="">	
				5081.wav
		</Audio>

        <Choice dtmf="#" targetType="submenu" targetMode="DTMF"                   
 					 targetName="30029_PostPaidRoaming_opt1"/>

        <Choice dtmf="*" targetType="submenu" targetMode="DTMF"                   
 					 targetName="30029_PostPaidRoaming_opt1"/>

        <NoInput count="1" targetType="submenu" targetMode="DTMF"                       
 					 targetName="30029_PostPaidRoaming_opt1"/>

        <NoMatch count="1" targetType="submenu" targetMode="DTMF"                       
 					 targetName="30029_PostPaidRoaming_opt1"/>
	</SubMenu>	
	
	<!-- ############################ -->  		
	
	<SubMenu name="30029_PostPaidRoaming_promo_opt2" mode="DTMF" markPosition="false" vxml="timeout:1s">
		<Audio
			tts="">	
				5082.wav
		</Audio>

        <Choice dtmf="#" targetType="submenu" targetMode="DTMF"                   
 					 targetName="30029_PostPaidRoaming_opt2"/>

        <Choice dtmf="*" targetType="submenu" targetMode="DTMF"                   
 					 targetName="30029_PostPaidRoaming_opt2"/>

        <NoInput count="1" targetType="submenu" targetMode="DTMF"                       
 					 targetName="30029_PostPaidRoaming_opt2"/>

        <NoMatch count="1" targetType="submenu" targetMode="DTMF"                       
 					 targetName="30029_PostPaidRoaming_opt2"/>
	</SubMenu>	
	
	<!-- ############################ -->  	
	
	<SubMenu name="30029_PostPaidRoaming_promo_opt3" mode="DTMF" markPosition="false" vxml="timeout:1s">	
		<Audio
			tts="">	
				5083.wav
		</Audio>

        <Choice dtmf="#" targetType="submenu" targetMode="DTMF"                   
 					 targetName="30029_PostPaidRoaming_opt3"/>

        <Choice dtmf="*" targetType="submenu" targetMode="DTMF"                   
 					 targetName="30029_PostPaidRoaming_opt3"/>

        <NoInput count="1" targetType="submenu" targetMode="DTMF"                       
 					 targetName="30029_PostPaidRoaming_opt3"/>

        <NoMatch count="1" targetType="submenu" targetMode="DTMF"                       
 					 targetName="30029_PostPaidRoaming_opt3"/>
	</SubMenu>	
	
	<!-- ############################ -->  	
	<SubMenu name="30029_PostPaidRoaming_promo_opt4" mode="DTMF" markPosition="false" vxml="timeout:1s">
		<Audio
			tts="">	
				5084.wav
		</Audio>

        <Choice dtmf="#" targetType="submenu" targetMode="DTMF"                   
 					 targetName="30029_PostPaidRoaming_opt4"/>

        <Choice dtmf="*" targetType="submenu" targetMode="DTMF"                   
 					 targetName="30029_PostPaidRoaming_opt4"/>

        <NoInput count="1" targetType="submenu" targetMode="DTMF"                       
 					 targetName="30029_PostPaidRoaming_opt4"/>

        <NoMatch count="1" targetType="submenu" targetMode="DTMF"                       
 					 targetName="30029_PostPaidRoaming_opt4"/>
	</SubMenu>	
	
	<!-- ############################ -->  				
	
	<SubMenu name="30029_PostPaidRoaming_opt1" mode="DTMF" markPosition="true" set="previousMenu:30029_PostPaidRoaming">	
		<Audio cond="customer.serviceID_DCNR EQ d, customer.inroamerFlag EQ N, customer.callerFound EQ Y, 
					 customer.serviceFlag EQ Y, customer.cmServiceAllowed EQ Y"
			tts="To activate National roaming press 1">	
				5085.wav
		</Audio>
		<Audio cond="customer.serviceID_DCNR EQ a, customer.inroamerFlag EQ N, customer.callerFound EQ Y, 
					 customer.serviceFlag EQ Y, customer.cmServiceAllowed EQ Y"
			tts="To deactivate National Roaming press 1">	
				5089.wav
		</Audio>
	
		<Audio 
			tts="For product features and charges press 2
				to talk to our customer service executive press 9
				To go back to previous menu press hash
				Press star to go to the Main menu">
				5072.wav 5093.wav 6000.wav
		</Audio>	

		<Choice dtmf="1" cond="customer.inroamerFlag EQ N, customer.callerFound EQ Y, customer.serviceFlag EQ Y, customer.cmServiceAllowed EQ Y"
			dest="audioFileNameToPlay:5094;
				activateAudioFileToPlay:5098;
				deactivateAudioFileToPlay:5102"
			targetType="submenu" targetMode="DTMF" 
			targetName="30030_PostPaidRoaming_ActDeact_setserviceAction"/>   
		<Choice dtmf="2" targetType="submenu" targetMode="DTMF" 
			dest="audioFileNameToPlay:5108;
				  smsCmd:cached;
			      smsKey:NR;
			      smsTranType:PostpaidNR"
			targetName="30032_PostPaidRoaming_ProductFeatures"/>  
		<Choice dtmf="9" targetType="submenu" targetMode="DTMF"
			targetName="90000_CCEStart"/>		 

	</SubMenu>	
	
		<!-- ############################ -->  				
	
	<SubMenu name="30029_PostPaidRoaming_opt2" mode="DTMF" markPosition="true" set="previousMenu:30029_PostPaidRoaming">	
		<Audio cond="customer.serviceID_DCISD EQ d, customer.inroamerFlag EQ N, 
					 customer.callerFound EQ Y, customer.serviceFlag EQ Y, customer.cmServiceAllowed EQ Y"
			tts="To activate ISD press 1">	
				5088.wav
		</Audio>
		<Audio cond="customer.serviceID_DCISD EQ a, customer.inroamerFlag EQ N, 
					 customer.callerFound EQ Y, customer.serviceFlag EQ Y, customer.cmServiceAllowed EQ Y"
			tts="To deactivate ISD press 1">	
				5092.wav
		</Audio>
		
		<Audio 
			tts="For product features and charges press 2
				to talk to our customer service executive press 9
				To go back to previous menu press hash
				Press star to go to the Main menu">
				5072.wav 5093.wav 6000.wav
		</Audio>	
		<Choice dtmf="1" cond="customer.inroamerFlag EQ N, customer.callerFound EQ Y, customer.serviceFlag EQ Y, customer.cmServiceAllowed EQ Y"
			dest="audioFileNameToPlay:5097;
				activateAudioFileToPlay:5101;
				deactivateAudioFileToPlay:5105"
			targetType="submenu" targetMode="DTMF" 
			targetName="30030_PostPaidRoaming_ActDeact_setserviceAction"/>   
		<Choice dtmf="2" targetType="submenu" targetMode="DTMF" 
			dest="audioFileNameToPlay:5111;
				  smsCmd:cached;
			      smsKey:ISD;
			      smsTranType:PostpaidISD"
			targetName="30032_PostPaidRoaming_ProductFeatures"/>  
		<Choice dtmf="9" targetType="submenu" targetMode="DTMF"
			targetName="90000_CCEStart"/>		 

	</SubMenu>	
		<!-- ############################ -->  				
	
	<SubMenu name="30029_PostPaidRoaming_opt3" mode="DTMF" markPosition="true" set="previousMenu:30029_PostPaidRoaming">	
		<Audio cond="customer.serviceID_DCIR EQ d, customer.inroamerFlag EQ N, 
					 customer.callerFound EQ Y, customer.serviceFlag EQ Y, customer.cmServiceAllowed EQ Y"
			tts="To activate International roaming press 3">	
				5086.wav
		</Audio>
		<Audio cond="customer.serviceID_DCIR EQ a, customer.inroamerFlag EQ N, customer.callerFound EQ Y, 
					 customer.serviceFlag EQ Y, customer.cmServiceAllowed EQ Y"
			tts="To deactivate International Roaming press 3">	
				5090.wav
		</Audio>
		
		<Audio 
			tts="For product features and charges press 2
				to talk to our customer service executive press 9
				To go back to previous menu press hash
				Press star to go to the Main menu">
				5072.wav 5093.wav 6000.wav
		</Audio>	
		<Choice dtmf="1" cond="customer.inroamerFlag EQ N, customer.callerFound EQ Y, 
							customer.serviceFlag EQ Y, customer.cmServiceAllowed EQ Y"
			dest="audioFileNameToPlay:5095;
				activateAudioFileToPlay:5099;
				deactivateAudioFileToPlay:5103"
			targetType="submenu" targetMode="DTMF" 
			targetName="30030_PostPaidRoaming_ActDeact_setserviceAction"/>   
		<Choice dtmf="2" targetType="submenu" targetMode="DTMF" 
			dest="audioFileNameToPlay:5109;
				  smsCmd:cached;
			      smsKey:IR;
			      smsTranType:PostpaidIR"
			targetName="30032_PostPaidRoaming_ProductFeatures"/>  
		<Choice dtmf="9" targetType="submenu" targetMode="DTMF"
			targetName="90000_CCEStart"/>		 

	</SubMenu>	
		<!-- ############################ -->  				
	
	<SubMenu name="30029_PostPaidRoaming_opt4" mode="DTMF" markPosition="true" set="previousMenu:30029_PostPaidRoaming">	
		<Audio cond="customer.serviceID_DCBIR EQ d, customer.inroamerFlag EQ N, 
					 customer.callerFound EQ Y, customer.serviceFlag EQ Y, customer.cmServiceAllowed EQ Y"
			tts="To activate Basic InterNational roaming press 4">	
				5087.wav
		</Audio>
		<Audio cond="customer.serviceID_DCBIR EQ a, customer.inroamerFlag EQ N, customer.callerFound EQ Y, customer.serviceFlag EQ Y, customer.cmServiceAllowed EQ Y"
			tts="To deactivate Basic InterNational Roaming press 4">	
				5091.wav
		</Audio>
		
		<Audio 
			tts="For product features and charges press 2
				to talk to our customer service executive press 9
				To go back to previous menu press hash
				Press star to go to the Main menu">
				5072.wav 5093.wav 6000.wav
		</Audio>	
		<Choice dtmf="1" cond="customer.inroamerFlag EQ N, customer.callerFound EQ Y, 
								customer.serviceFlag EQ Y, customer.cmServiceAllowed EQ Y"
			dest="audioFileNameToPlay:5096;
				activateAudioFileToPlay:5100;
				deactivateAudioFileToPlay:5104"
			targetType="submenu" targetMode="DTMF" 
			targetName="30030_PostPaidRoaming_ActDeact_setserviceAction"/>   
		<Choice dtmf="2" targetType="submenu" targetMode="DTMF" 
			dest="audioFileNameToPlay:5110;
				  smsCmd:cached;
			      smsKey:BIR;
			      smsTranType:PostpaidBIR"
			targetName="30032_PostPaidRoaming_ProductFeatures"/>  
		<Choice dtmf="9" targetType="submenu" targetMode="DTMF"
			targetName="90000_CCEStart"/>		 

	</SubMenu>	
	

	<SubMenu name="30030_PostPaidRoaming_ActDeact_setserviceAction" mode="DTMF" type="BusinessLogic"  markPosition="true" > 

		<MenuDefault cond="customer.serviceID_DCNR EQ a, smsKey EQ NR"
			dest="serviceAction:D;ActDeactActionTaken:D;serviceKey:$cmservCd"
			targetType="submenu" targetMode="DTMF"
			targetName="30030_PostPaidRoaming_ActDeact" />

		<MenuDefault cond="customer.serviceID_DCISD EQ a, smsKey EQ ISD"
			dest="serviceAction:D;ActDeactActionTaken:D;serviceKey:$cmservCd"
			targetType="submenu" targetMode="DTMF"
			targetName="30030_PostPaidRoaming_ActDeact" />
			
		<MenuDefault cond="customer.serviceID_DCIR EQ a, smsKey EQ IR"
			dest="serviceAction:D;ActDeactActionTaken:D;serviceKey:$cmservCd"
			targetType="submenu" targetMode="DTMF"
			targetName="30030_PostPaidRoaming_ActDeact" />
			
		<MenuDefault cond="customer.serviceID_DCBIR EQ a, smsKey EQ BIR"
			dest="serviceAction:D;ActDeactActionTaken:D;serviceKey:$cmservCd"
			targetType="submenu" targetMode="DTMF"
			targetName="30030_PostPaidRoaming_ActDeact" />
		<MenuDefault 
			dest="serviceAction:A;ActDeactActionTaken:A;serviceKey:$cmservCd"
			targetType="submenu" targetMode="DTMF"
			targetName="30030_PostPaidRoaming_ActDeact" />

	</SubMenu>	
	
	
	<!-- ############################ -->  				


	<SubMenu name="30030_PostPaidRoaming_ActDeact" mode="DTMF" markPosition="false" >	

		<Audio cond="serviceAction EQ A"
				tts="Rentals and charges will be played  
					 Play appropriate Dependent Services msg - for service activation">
    			(audioFileNameToPlay:wavfile)
    			(activateAudioFileToPlay:wavfile)	    	    
    	</Audio>
    	<Audio cond="serviceAction EQ D"
				tts="Play appropriate Dependent Services msg - to deactivate">	    	    
   				(deactivateAudioFileToPlay:wavfile)	
    	</Audio>
    	<Audio 	tts="To confirm press 1
    				 To Cancel press 2">	    	    
    			5288.wav 5289.wav
    	</Audio>

		<Choice dtmf="1" cond="serviceAction EQ A"
			targetType="submenu" targetMode="DTMF" 
			targetName="30030_Deposit_check"/> 
		<Choice dtmf="1" 
			targetType="submenu" targetMode="DTMF" 
			targetName="30030_PostPaidRoaming_Activate"/>  
		<Choice dtmf="2" targetType="submenu" targetMode="DTMF" 
			dest="audioFileNameToPlay:5110"
			targetName="GlobalPrompting"/>  

	</SubMenu>	
	

	

<!-- called from 30030_Deposit_check and after paying CC deposit  -->
	<SubMenu name="30030_PostPaidRoaming_Activate" mode="DTMF" type="BusinessLogic"  markPosition="true" > 

		<MenuDefault 
			handler="com.selfserv.ivr.handler.ActivateService"
			targetType="submenu" targetMode="DTMF"
			targetName="30030_ActivateService_CheckRc" />

	</SubMenu>	
		   
	<SubMenu name="30030_ActivateService_CheckRc" mode="DTMF" type="BusinessLogic"	markPosition="false">
	
		<MenuDefault cond="DBRC EQ S"
		             targetType="submenu" targetMode="DTMF"
			         targetName="30031_ActDeAct_LogReq"/>	
			         
		<!--  Failure -->
		<MenuDefault targetType="submenu" targetMode="DTMF" 
			         targetName="30030_ActDeAct_Failure"/>
			         
	</SubMenu>

	
	<SubMenu name="30030_Deposit_check" mode="DTMF" type="BusinessLogic"	markPosition="false">
	
		<!--  never activate International Roaming if no deposit req  -->
		<MenuDefault cond="customer.cmDepositRequired NE NULL,  
					 	   customer.cmDepositRequired CurrencyGT 0.00, ActDeactActionTaken EQ A, 
					 	   serviceKey EQ DC_IR"
		             targetType="submenu" targetMode="DTMF"
			         targetName="30030_Deposit"/>	
			         
		<MenuDefault cond="ActDeactActionTaken EQ A, 
					 	   serviceKey EQ DC_IR"
		             targetType="submenu" targetMode="DTMF"
			         targetName="90000_CCEStart"/>	
			         
		<MenuDefault cond="customer.cmDepositRequired NE NULL,  
					 	   customer.cmDepositRequired CurrencyGT 0.00, ActDeactActionTaken EQ A "
		             targetType="submenu" targetMode="DTMF"
			         targetName="30030_Deposit"/>	
			         
		
		<MenuDefault targetType="submenu" targetMode="DTMF" 
			         targetName="30030_PostPaidRoaming_Activate"/>
			         
	</SubMenu>

	<SubMenu name="30030_Deposit" mode="DTMF" 	markPosition="false" >	

    	<Audio tts="To activate this service you need
					to pay a deposit of XXX
					If you wish to pay now press 1
					Global Prompts">
    				5106.wav 
    				(customer.cmDepositRequired:rupeewhole)
    				5107.wav
    				6000.wav	    	    
    	</Audio>    
    	
    	
		<!-- note:  40000_PayByCC will only return if successful -->
		 
		<Choice dtmf="1" 
			dest="ccTranType:D;
				  ccReturnMenu:30030_PostPaidRoaming_Activate"
			handler="com.selfserv.ivr.handler.CCSetAmount"
			targetType="submenu" targetMode="DTMF" 
			targetName="40000_PayByCC"/>  

	</SubMenu>	
	
	
	
	<!-- ############################ -->
	<!-- ############################ -->
	<!-- ############################ -->

	
	<SubMenu name="30030_ActDeAct_Failure" mode="DTMF" type="PromptPlay" markPosition="false" >	
		
		<Audio 
			tts="Fail msg for ActiveService handler">	
				5253.wav
		</Audio>	
		<MenuDefault targetType="submenu" targetMode="DTMF" 
			         targetName="GlobalPrompting"/>			
	</SubMenu>
	
	<!-- ############################ -->
	<!-- ############################ -->
	<!-- ############################ -->

	
	<SubMenu name="30031_ActDeAct_LogReq" mode="DTMF" type="PromptPlay" markPosition="false" >	
	<!-- note: input parms to already set in code above (vasService and serviceAction) -->	
		<Audio cond="ActDeactActionTaken EQ A"
			tts="We have received your request and this service
				will be activated within 2 hours">	
				5070.wav
		</Audio>	
		<Audio cond="ActDeactActionTaken EQ D"
			tts="We have received your request and this service
				will be deactivated within 2 hours">	
				5302.wav
		</Audio>	
		<MenuDefault 			
			handler="com.selfserv.ivr.handler.VASlog"
			targetType="submenu" targetMode="DTMF" 
			targetName="GlobalPrompting"/>			
	</SubMenu>
	
	<!-- ############################ -->
	<!-- ############################ -->
	<!-- ############################ -->
	
	<SubMenu name="30032_PostPaidRoaming_ProductFeatures" mode="DTMF" markPosition="false" vxml="timeout:1s">

    	<Audio tts="products and Features Static Phrase">
    				(audioFileNameToPlay:wavfile)	  	    	    
    	</Audio>    

        <Choice dtmf="#" targetType="submenu" targetMode="DTMF"                   
 					 targetName="30032_PostPaidRoaming_ProductFeatures_post"/>

        <Choice dtmf="*" targetType="submenu" targetMode="DTMF"                   
 					 targetName="30032_PostPaidRoaming_ProductFeatures_post"/>

        <NoInput count="1" targetType="submenu" targetMode="DTMF"                       
 					 targetName="30032_PostPaidRoaming_ProductFeatures_post"/>

        <NoMatch count="1" targetType="submenu" targetMode="DTMF"                       
 					 targetName="30032_PostPaidRoaming_ProductFeatures_post"/>
		 
	</SubMenu>	
	
	<!-- ############################ -->
	<!-- ############################ -->
	<!-- ############################ -->

  	<SubMenu name="30032_PostPaidRoaming_ProductFeatures_post" mode="DTMF" 	markPosition="false" >
		<!-- 8/4/08 SCS - removed cond="customer.inroamerFlag NE Y" for opt 1  -->
		<Audio 	tts="If you wish to receive product details through SMS press 1">	
				5074.wav
		</Audio>
		<Audio 	tts="To go back to previous menu press hash
				Press star to go to the Main menu">	
				6000.wav
		</Audio>

		<!-- Note 30032_PostPaidSMS is in file PostPaidStart.xml  -->
		<Choice dtmf="1" 
			dest="smsCmd:cached"
			targetType="submenu" targetMode="DTMF" 
			targetName="30032_PostPaidSMS"/>		
	
	</SubMenu>	
	
	
		
	<!-- ############################ -->
	<!-- ############################ -->
	<!-- ############################ -->
				   
</CallRouting>