<?xml version="1.0" encoding="UTF-8"?>

<CallRouting name="PostPaidBillingStart" releaseVersion="0.0" fileVersion="0.0"
	start="" startMode="" audioDir=""
	xmlns="http://ibm.com/ivr/framework/model"
	xmlns:xsi="http://www.w3.org/2001/XMLSchema-instance" 
	xsi:schemaLocation="http://ibm.com/ivr/framework/model IVRFramework.xsd">

    <!--  										-->
	<!-- Starting point for PostPaid Billing Callflow 	-->
	<!-- 	Call Flow page 10					-->
	<!--  										-->
	
	<Operator/>

 		
		            <!-- ############################ -->
		            <!-- ############################ -->
		            <!-- ############################ -->
		            
	<SubMenu name="40000_Billing" mode="DTMF" type="BusinessLogic"	markPosition="false">
	
	    <!-- See if caller has been found and need to access the DataBase -->
	    <!-- Issue::  Need handler name -->
		<MenuDefault cond="customer.callerFound EQ Y"
		             targetType="submenu" targetMode="DTMF"
		             handler="com.selfserv.ivr.handler.GetBillingInfo"
			         targetName="40000_CheckBillingRc"/>

		<!-- Caller information is not found in the LDB or CDB so we will continue on  -->
		<!-- as an information only caller                                             -->
		<MenuDefault targetType="submenu" targetMode="DTMF" 
			         targetName="40000_BillingInfoStart"/>
			         
	</SubMenu>
		            <!-- ############################ -->
		            
	<SubMenu name="40000_CheckBillingRc" mode="DTMF" type="BusinessLogic"	markPosition="false">
	
	    <!-- See if caller has been found and need to access the DataBase -->
		<MenuDefault cond="DBRC EQ S"
		             targetType="submenu" targetMode="DTMF"
			         targetName="40000_BillingInfoStart"/>
			         	
	    <!-- No record found for Billing Inquiry -->
		<MenuDefault cond="DBRC EQ F_NF"
		             targetType="submenu" targetMode="DTMF"
			         targetName="90000_CCEStart"/>	

		<!-- DataBase Link(s) are down -->
		<MenuDefault targetType="submenu" targetMode="DTMF" 
			         targetName="90000_IVRDBLINKDOWN"/>			         
	</SubMenu>
	
	<!-- ############################ -->
				   	
	<SubMenu name="40000_BillingInfoStart" mode="DTMF"   markPosition="true" set="previousMenu:30009_PostPaidMainMenu"> 
	     
	    <!--  Offer if caller found and not Inroamer -->	   
		<Audio cond="customer.callerFound EQ Y, customer.inroamerFlag NE Y"
			   tts="To know about your billing details and to make bill payments press 1">	
				5018.wav
		</Audio>
		
		<!--  Offer if caller found and not Inroamer -->		
		<Audio cond="customer.callerFound EQ Y, customer.inroamerFlag NE Y" 
			   tts="To pay your bills through credit cards press 2">	
				5019.wav
		</Audio>
			
		<!--  Offer if caller found and not Inroamer 		
		<Audio cond="customer.callerFound EQ Y, customer.inroamerFlag NE Y" 
			   tts="To know about various bill payment centres press 3">	
				5020.wav
		</Audio>
		-->
			
		<!--  Offer if caller found and is an Inroamer -->		
		<Audio cond="customer.callerFound EQ Y" 
			   tts="To know about various bill payment centres press 3">	
				5020.wav
		</Audio>
		
		<!--  Offer if caller found  -->		
		<Audio cond="customer.callerFound EQ Y, customer.inroamerFlag NE Y" 
			   tts="To subscribe to itemized bill and to receive duplicate copies of earlier bills press 4">	
				5021.wav
		</Audio>
	
		<!--  Offer if caller found  -->		
		<Audio  tts="For information on tariff plans and various new offers press 5">	
				5026.wav
		</Audio>

        <!--  Offer to all callers -->						
		<Audio	tts="For any other assistance on billing press 9">	
				5022.wav	
		</Audio>

        <!-- Offer to all callers  -->						
		<Audio	tts="To go back to previous menu press hash	Press star to go to the Main menu">	
				6000.wav	
		</Audio>

		<Choice dtmf="1" cond="customer.callerFound EQ Y, customer.inroamerFlag NE Y"		        
		        targetType="submenu" targetMode="DTMF"
		        dest="40011_BillingDetailsPrevMenu:40000_BillingInfoStart;
		              customer.tran_type:QR_POST_BILLTARIFF"
			    targetName="40011_BillingDetails"/>
			
		<Choice dtmf="2" cond="customer.callerFound EQ Y, customer.inroamerFlag NE Y"
			    targetType="submenu" targetMode="DTMF"
			    dest="ccTranType:P;
			          ccReturnMenu:none;
		              customer.tran_type:QR_POST_BILLTARIFF"
			    targetName="40000_PayByCC"/>
		<!-- 	
		<Choice dtmf="3" cond="customer.callerFound EQ Y, customer.inroamerFlag NE Y"
			    targetType="submenu" targetMode="DTMF"
			    dest="40016_PaymentCentersPrevMenu:40000_BillingInfoStart"
			    targetName="40016_PaymentCenters"/>
		-->
			
		<Choice dtmf="3" cond="customer.callerFound EQ Y"
			    targetType="submenu" targetMode="DTMF"
			    dest="40016_PaymentCentersPrevMenu:40000_BillingInfoStart;
		              customer.tran_type:QR_POST_BILLTARIFF"
			    targetName="40016_PaymentCenters"/>
			
		<Choice dtmf="4" cond="customer.callerFound EQ Y, customer.inroamerFlag NE Y"
			    targetType="submenu" targetMode="DTMF"
			    dest="40017_DupItmBillPrevMenu:40000_BillingInfoStart;
		              customer.tran_type:QR_POST_BILLTARIFF"
			    targetName="40017_DupItmBill"/>
					
		<Choice dtmf="5" 
		        targetType="submenu" targetMode="DTMF"
		        dest="40021_DupItmBillPrevMenu:40000_BillingInfoStart;
		              customer.tran_type:QR_POST_BILLTARIFF"
			    targetName="40021_TarPlnOfrs"/>
					
		<Choice dtmf="9" 
		        targetType="submenu" targetMode="DTMF"
			    targetName="90000_CCEStart"/>
								
	</SubMenu>

 
</CallRouting>