<?xml version="1.0" encoding="UTF-8"?>

<CallRouting name="PostPaidHotKey" releaseVersion="0.0" fileVersion="0.0"
	start="" startMode="" audioDir=""
	xmlns="http://ibm.com/ivr/framework/model"
	xmlns:xsi="http://www.w3.org/2001/XMLSchema-instance" 
	xsi:schemaLocation="http://ibm.com/ivr/framework/model IVRFramework.xsd">

    <!--  												-->
	<!-- Starting points for PostPaid HotKey Callflow 	-->
	<!-- 	41000_PostPaidMainMenuLanguage				-->
	<!--  												-->
	
	<Operator/>
	<!-- ############################ -->
	<!-- ############################ -->
	<!-- ############################ -->
	
  	<!-- Called from SelfServStart.xml -->

		
  	<SubMenu    name="41000_PostPaidMainMenuLanguage" mode="DTMF" type="BusinessLogic" markPosition="false"
  										set="retryCount:0"> 

		<MenuDefault cond="customer.prefLang EQ NULL"
					 targetType="submenu" targetMode="DTMF" 
		             dest="toContinueInNextSubMenu:41000_PostPaidSetPrefLangChoise_chkwhichDB"
			         targetName="ToContinueInChoice"/>
			         
		<MenuDefault cond="customer.prefLang EQ SPACECHAR"
					 targetType="submenu" targetMode="DTMF" 
		             dest="toContinueInNextSubMenu:41000_PostPaidSetPrefLangChoise_chkwhichDB"
			         targetName="ToContinueInChoice"/>	

		<MenuDefault  targetType="submenu" targetMode="DTMF" 
		              targetName="41000_ToSetPrefLangFromDB"/>
  	</SubMenu>	
  	
  	<!-- ############################ -->
  	
  	 	<SubMenu    name="41000_PostPaidSetPrefLangChoise_chkwhichDB" mode="DTMF" type="BusinessLogic" markPosition="false" > 


		<MenuDefault cond="customer.callerFound EQ Y, customer.inroamerFlag EQ N"
					 targetType="submenu" targetMode="DTMF"
			         targetName="41000_PostPaidSetPrefLangChoise"/>

		<MenuDefault  targetType="submenu" targetMode="DTMF" 
		              targetName="41011_BillingDetails"/>
  	</SubMenu>	
  	
  	<!-- ############################ -->
  	
  	<SubMenu name="41000_PostPaidSetPrefLangChoise" mode="DTMF"	markPosition="false"
  									 set="checkRetryCountNextSubMenu:41000_PostPaidSetPrefLangChoise" >	
  									 
    	<Audio tts="Do you wish to set the selected language
					as your default language for your
					subsequent calls, Press 1
					Else, Press 2">
    		5335.wav    	    
    	</Audio>    
		<Choice dtmf="1" targetType="submenu" targetMode="DTMF"
				targetName="41000_SetDBLangPref"/> 
				                                          	                               	
		<Choice dtmf="2" targetType="submenu" targetMode="DTMF" 
				targetName="41011_BillingDetails"/> 

		<Choice dtmf="*" 
		        targetType="submenu" targetMode="DTMF"
		        dest="invIpt:true"
				targetName="41000_CheckRetryCount"/> 
				                                          	                               	
		<Choice dtmf="#" 
		        targetType="submenu" targetMode="DTMF"
		        dest="invIpt:true"
				targetName="41000_CheckRetryCount"/> 
				
        <NoInput count="1"  
                 targetType="submenu" targetMode="DTMF"
                 dest="invIpt:false"
                 targetName="41000_CheckRetryCount"> 
        </NoInput>
        
        <NoMatch count="1"  
                 targetType="submenu" targetMode="DTMF"
                 dest="invIpt:true" 
                 targetName="41000_CheckRetryCount"> 
        </NoMatch>
	</SubMenu>
		            <!-- ############################ -->
	
	<SubMenu name="41000_CheckRetryCount" mode="DTMF" type="BusinessLogic"	markPosition="false">
	
		<MenuDefault cond="retryCount EQ 0"
		             dest="retryCount:1"
		             targetType="submenu" targetMode="DTMF" 
			         targetName="41000_CheckRetryCountAudio"/>
			         
	
		<MenuDefault cond="retryCount EQ 1"
		             targetType="submenu" targetMode="DTMF" 
			         targetName="41000_TechDiff"/>
			         
	</SubMenu>
		            <!-- ############################ -->
	<SubMenu name="41000_CheckRetryCountAudio" mode="DTMF" type="PromptPlay"	markPosition="false">
	
    	<Audio   cond="invIpt EQ true"
    	         tts="Sorry that was an invalid entry. Please try again">
                 5270.wav
    	</Audio>    
	
    	<Audio   cond="invIpt NE true"
    	         tts="Please provide an input">
                 5269.wav
    	</Audio>    
    	
 		<MenuDefault targetType="submenu" targetMode="DTMF"
			         targetName="$checkRetryCountNextSubMenu"/>
			         
	</SubMenu>
		
  	<!-- ############################ -->
                            
 	<SubMenu name="41000_SetDBLangPref" mode="DTMF" type="BusinessLogic"	markPosition="false">
	
		<MenuDefault cond="LANG NE ENG, LANG NE HIN"
					dest="dbLang:LOCAL"
		        	handler="com.selfserv.ivr.handler.LanguagePreference"
					targetName="41000_ToSetLangChoiceCheckRc"/>    
			         
	
		<MenuDefault targetType="submenu" targetMode="DTMF" 
			        dest="dbLang:$LANG"
		        	handler="com.selfserv.ivr.handler.LanguagePreference"
					targetName="41000_ToSetLangChoiceCheckRc"/>    
	</SubMenu>
            
              	
    <!-- ############################ -->                
              	
	<SubMenu name="41000_ToSetLangChoiceCheckRc" mode="DTMF" type="BusinessLogic"	markPosition="false">
	
		<MenuDefault cond="DBRC EQ S"
		             targetType="submenu" targetMode="DTMF"
			         targetName="41000_ToSetLangUpdateAudioPath"/>	
			         
		<!--  DataBase Link(s) are down -->
		<MenuDefault targetType="submenu" targetMode="DTMF" 
			         targetName="41000_PlaySetLangFailure"/>
			         
	</SubMenu>
	
	<!-- ############################ -->
	
	<SubMenu    name="41000_PlaySetLangFailure" mode="DTMF" type="PromptPlay" markPosition="false"> 
		
		<Audio  tts="Sorry we are unable to process your request now.">
				5253.wav
		</Audio>	
		   
		<MenuDefault  targetType="submenu" targetMode="DTMF" 
		    targetName="41000_ToSetLangUpdateAudioPath"/>
  	</SubMenu>	
	
	<!-- ############################ -->
	
	<SubMenu    name="41000_ToSetLangUpdateAudioPath" type="BusinessLogic"	mode="DTMF"  markPosition="false"> 
	    <!--  -->
		<MenuDefault cond="dbLang EQ HIN"
		             targetType="submenu" targetMode="DTMF" 
		             dest="LANG:$dbLang, customer.tran_type:QR_POST_BILLTARIFF"
		             handler="com.selfserv.ivr.handler.SetLang"
	    		     targetName="41011_BillingDetails"/>
	    <!--  -->
		<MenuDefault cond="dbLang EQ ENG"
		             targetType="submenu" targetMode="DTMF" 
		             dest="LANG:$dbLang, customer.tran_type:QR_POST_BILLTARIFF"
		             handler="com.selfserv.ivr.handler.SetLang"
	    		     targetName="41011_BillingDetails"/>
			         
		<MenuDefault targetType="submenu" targetMode="DTMF" 
		             dest="LANG:$circle.localLanguage, customer.tran_type:QR_POST_BILLTARIFF"
		             handler="com.selfserv.ivr.handler.SetLang"
	    		     targetName="41011_BillingDetails"/>

	</SubMenu>
	
	<!-- ############################ -->
	
 
  	<SubMenu name="41000_ToSetPrefLangFromDB" mode="DTMF" type="BusinessLogic" markPosition="false">

    <!-- See if wee need to get the audio language path form the "localLang property  -->
	<MenuDefault cond="customer.prefLang NE HIN, customer.prefLang NE ENG"
            targetType="submenu" targetMode="DTMF" 
            dest="LANG:$circle.localLanguage"
            handler="com.selfserv.ivr.handler.SetLang"
       		targetName="41011_BillingDetails"/>
         
	<MenuDefault targetType="submenu" targetMode="DTMF" 
            dest="LANG:$customer.prefLang"
            handler="com.selfserv.ivr.handler.SetLang"
       		targetName="41011_BillingDetails"/>
         
	</SubMenu>
 
	<!-- ############################ -->
	<!-- ############################ -->
	<!-- ############################ -->

	<SubMenu name="41011_BillingDetails" mode="DTMF" type="BusinessLogic" markPosition="false">

	    <!--  -->
		<MenuDefault cond="balCount NE 1"
		             targetType="submenu" targetMode="DTMF" 
			         targetName="41011_PlayBalance"/>

	    <!--  -->
		<MenuDefault targetType="submenu" targetMode="DTMF" 
			         targetName="41011_WhatToDoNext"/>
			         
	</SubMenu>
		            <!-- ############################ -->

     <!-- Removed Menu 40011_PlayBalance  and merged with  40011_WhatToDoNext -->
	<SubMenu name="41011_PlayBalance" mode="DTMF" type="PromptPlay" markPosition="true">


	    <!--  Play the outstanding balance and due date -->	   
		<Audio  tts="Dear Customer, your current billed outstanding as of today is
		             (Play Balance)">	
				5023.wav
				(customer.billCurrentOutstandingAmt:rupee)
		</Audio>
		
		<Audio  cond="customer.billPayableByDate NE NULL, customer.billPayableByDate NE SPACECHAR"
		        tts="which is payable by
		             (Play Date)">	
				5027.wav
				(customer.billPayableByDate:DDMMYYYY)
		</Audio>
		
		<Audio  tts="The unbilled amount is rupees">	
				5028.wav
				(customer.billUnbilledAmt:rupee)
		</Audio>
	
	    <!--  -->
		<MenuDefault targetType="submenu" targetMode="DTMF" 
			         targetName="41011_BalCountCheck"/>
			         
	</SubMenu>
		            <!-- ############################ -->
		            
	<SubMenu name="41011_BalCountCheck" mode="DTMF" type="BusinessLogic" markPosition="false">

	    <!--  -->
		<MenuDefault cond="balCount EQ 0"
		             targetType="submenu" targetMode="DTMF"
		             dest="balCount:1" 
			         targetName="41011_WhatToDoNext"/>

	    <!--  -->
		<MenuDefault cond="balCount EQ 1"
		             targetType="submenu" targetMode="DTMF"
			         targetName="41011_GoodBye"/>
			         
	</SubMenu>
		            
		            <!-- ############################ -->
		
	<SubMenu name="41011_WhatToDoNext" mode="DTMF" markPosition="true"
	  									 set="checkRetryCountNextSubMenu:41011_WhatToDoNext" >	

		<Audio  tts="If you would like to listen to the information again, press 1
					 To know your last payment made press 2
		             To know your credit limit press 4">	
				5029.wav
				5030.wav
				5032.wav
		</Audio>

			
		<Choice dtmf="1"		        
		        targetType="submenu" targetMode="DTMF"
			    targetName="41011_PlayBalance"/>
			
		<Choice dtmf="2" 
		        targetType="submenu" targetMode="DTMF"
			    targetName="41011_LastPayment"/>
			
		<Choice dtmf="4"
		        targetType="submenu" targetMode="DTMF"
			    targetName="41011_CreditLimit"/>
	
		<Choice dtmf="*" 
		        targetType="submenu" targetMode="DTMF"
		        dest="invIpt:true"
				targetName="41000_CheckRetryCount"/> 
				                                          	                               	
		<Choice dtmf="#" 
		        targetType="submenu" targetMode="DTMF"
		        dest="invIpt:true"
				targetName="41000_CheckRetryCount"/> 
				
        <NoInput count="1"  
                 targetType="submenu" targetMode="DTMF"
                 dest="invIpt:false"
                 targetName="41000_CheckRetryCount"> 
        </NoInput>
        
        <NoMatch count="1"  
                 targetType="submenu" targetMode="DTMF"
                 dest="invIpt:true" 
                 targetName="41000_CheckRetryCount"> 
        </NoMatch>
			         
	</SubMenu>
		            <!-- ############################ -->
	<SubMenu name="41011_LastPayment" mode="DTMF" type="BusinessLogic" markPosition="false">

	    <!-- If last payment exists   (Both Amt and Date) -->
		<MenuDefault cond="customer.billLastPaymentAmt NE NULL, 
	   	                     customer.billLastPaymentDate NE NULL, 
	   	                       customer.billLastPaymentDate NE SPCAECHAR, 
	   	                         customer.billLastPaymentAmt NE SPACECHAR"
		             targetType="submenu" targetMode="DTMF" 
			         targetName="41011_LastPaymentYes"/>
			         
			         
	    <!-- If last payment does not exist -->
		<MenuDefault targetType="submenu" targetMode="DTMF" 
			         targetName="41011_LastPaymentNo"/>
			         
	</SubMenu>
		            <!-- ############################ -->
		            
	<SubMenu name="41011_LastPaymentYes" mode="DTMF" type="PromptPlay"	 markPosition="false">


	    <!--  Play the last payment and payment date -->	 	    
	   	<Audio  
	   	        tts="Last payment made by you was
		             (Play Balance)
		             which was received on
		             (Play Date">	
				5034.wav
				(customer.billLastPaymentAmt:rupee)
				5035.wav
				(customer.billLastPaymentDate:DDMMYYYY)
		</Audio>

		<MenuDefault targetType="submenu" targetMode="DTMF" 
			         targetName="41011_GoodBye"/>
			         
	</SubMenu>
		            <!-- ############################ -->
		            
	<SubMenu name="41011_LastPaymentNo" mode="DTMF" type="PromptPlay"	markPosition="false">

	    <!--  Play that there has been no payments made -->	 	    
	   	<Audio  
	   	        tts="Sorry you have not made any payment so far">	
				5033.wav
		</Audio>

		<MenuDefault targetType="submenu" targetMode="DTMF" 
			         targetName="41011_GoodBye"/>
			         
	</SubMenu>
		            <!-- ############################ -->
	<SubMenu name="41011_CreditLimit" mode="DTMF" type="BusinessLogic" markPosition="false">

	    <!-- If last payment exists   (Both Amt and Date) -->
		<MenuDefault cond="customer.billCreditLimitAmt NE NULL, 
	   	                       customer.billCreditLimitAmt NE SPCAECHAR, 
	   	                         customer.billCreditLimitAmt CurrencyGT 0.00"
		             targetType="submenu" targetMode="DTMF" 
			         targetName="41011_CreditLimitYes"/>
			         
			         
	    <!-- If last payment does not exist -->
		<MenuDefault targetType="submenu" targetMode="DTMF" 
			         targetName="41011_CreditLimitNo"/>
			         
	</SubMenu>
		            <!-- ############################ -->
		            
	<SubMenu name="41011_CreditLimitYes" mode="DTMF" type="PromptPlay"	 markPosition="false">


	    <!--  Play the last payment and payment date -->	 	    
	   	<Audio  
	   	        tts="Your available credit limit is ">	
				5037.wav
				(customer.billCreditLimitAmt:rupeewhole)
		</Audio>
		<MenuDefault targetType="submenu" targetMode="DTMF" 
			         targetName="41011_GoodBye"/>

			         
	</SubMenu>
		            <!-- ############################ -->
		            
	<SubMenu name="41011_CreditLimitNo" mode="DTMF" type="PromptPlay"	 markPosition="false">


	    <!--  Play that there has been no payments made -->	 	    
	   	<Audio  
	   	        tts="Your available credit limit is Rupees zero">	
				5036.wav
		</Audio>
		
		<MenuDefault targetType="submenu" targetMode="DTMF" 
			         targetName="41011_GoodBye"/>

			         
	</SubMenu>
	
 		            <!-- ############################ -->
	
</CallRouting>