<?xml version="1.0" encoding="UTF-8"?>

<CallRouting name="PrePaidVASStart" releaseVersion="0.0" fileVersion="0.0"
	start="" startMode="" audioDir=""
	xmlns="http://ibm.com/ivr/framework/model"
	xmlns:xsi="http://www.w3.org/2001/XMLSchema-instance" 
	xsi:schemaLocation="http://ibm.com/ivr/framework/model IVRFramework.xsd">

    <!--  										-->
	<!-- Starting point for VALUE ADDED SERVICES (VAS) PrePaid Callflow 	-->
	<!-- 	20041_PrePaidVAS_Promo				-->
	<!--  										-->
	
	<Operator/>
	
	
	<!-- ############################ -->
	<!-- ############################ -->
	<!-- ############################ -->
	
	<SubMenu name="20041_PrePaidVAS_Promo" mode="DTMF" markPosition="false" vxml="timeout:1s">
		<!-- PrePd Bal and Recharge Promptional message audio file is 5219.wav-->
    	<Audio tts="">
    		5219.wav    	    
    	</Audio>    

        <Choice dtmf="#" targetType="submenu" targetMode="DTMF"                   
 					 targetName="20041_PrePaidVAS"/>

        <Choice dtmf="*" targetType="submenu" targetMode="DTMF"                   
 					 targetName="20041_PrePaidVAS"/>

        <NoInput count="1" targetType="submenu" targetMode="DTMF"                       
 					 targetName="20041_PrePaidVAS"/>

        <NoMatch count="1" targetType="submenu" targetMode="DTMF"                       
 					 targetName="20041_PrePaidVAS"/>
	</SubMenu>	
	
	<SubMenu name="20041_PrePaidVAS" mode="DTMF"   markPosition="true" set="previousMenu:20036_PrePaidMainMenu">        
		<Audio
			tts="For information on Caller Tunes Press 1
				For Vodafone Live press 2
				For Vodafone Mobile Connect press 3
				For World Calling Card press 4
				For information on Vodafone Alerts press 5
				To talk to our Customer Service executive press 9
				To go back to previous menu press hash
				Press star to go to the Main menu">	
				5220.wav
				5221.wav
				5222.wav
				5223.wav
				5224.wav
				5225.wav
				6000.wav	
		</Audio>
		
		<Choice dtmf="1" targetType="submenu" targetMode="DTMF"  
			targetName="20041_PrePaidVAS_CallerTunes_Promo"/>

		<Choice dtmf="2" targetType="submenu" targetMode="DTMF"
			targetName="20042_PrePaidVAS_VLive_Promo"/>
					
		<Choice dtmf="3" targetType="submenu" targetMode="DTMF"
			targetName="20043_PrePaidVAS_MobileConnect_Promo"/>			

		<Choice dtmf="4" targetType="submenu" targetMode="DTMF"
			targetName="20045_PrePaidVAS_VAlert_Promo"/>
			
		<Choice dtmf="5" targetType="submenu" targetMode="DTMF"  
			targetName="20044_PrePaidVAS_WorldCallingCard_Promo"/>

		<Choice dtmf="9" targetType="submenu" targetMode="DTMF"
			targetName="20041_PrePaidVASOpt9"/>		
					
	</SubMenu>
	             <!-- ############################ -->
		
	<SubMenu name="20041_PrePaidVASOpt9" mode="DTMF" type="BusinessLogic"  markPosition="true" >        

		<MenuDefault targetType="submenu" targetMode="DTMF"
			         targetName="90000_CCEStart"/>
	</SubMenu>		   
	
	
	<!-- ############################ -->
	<!-- ############################ -->
	<!-- ############################ -->
	
	<SubMenu name="20041_PrePaidVAS_CallerTunes_Promo" mode="DTMF" markPosition="false" vxml="timeout:1s">	

    	<Audio tts="">
    		5226.wav    	    
    	</Audio>    

        <Choice dtmf="#" targetType="submenu" targetMode="DTMF"                   
 					 targetName="20041_PrePaidVAS_CallerTunes"/>

        <Choice dtmf="*" targetType="submenu" targetMode="DTMF"                   
 					 targetName="20041_PrePaidVAS_CallerTunes"/>

        <NoInput count="1" targetType="submenu" targetMode="DTMF"                       
 					 targetName="20041_PrePaidVAS_CallerTunes"/>

        <NoMatch count="1" targetType="submenu" targetMode="DTMF"                       
 					 targetName="20041_PrePaidVAS_CallerTunes"/>
	</SubMenu>	
	
	             <!-- ############################ -->
		
	<!-- Appupdate: Add option 2 to deactivate caller tunes -->	
	<!--            Move current option 2 to become option 3 -->	   
	<SubMenu name="20041_PrePaidVAS_CallerTunes" mode="DTMF"   markPosition="false" set="previousMenu:20041_PrePaidVAS">        
		<Audio
			tts="For information on how to activate Caller tune service press 1
			    For information on how to de-activate Caller tune service press 2
				For product features and charges press 3
				To talk to our Customer Service executive press 9
				To go back to previous menu press hash
				Press star to go to the Main menu">	
				5231.wav
				5136.wav
				5080.wav
				5329.wav
				6000.wav	
		</Audio>
		
		<Choice dtmf="1" targetType="submenu" targetMode="DTMF" 
				dest="audioFileNameToPlay:5233;
				  previousMenu:20041_PrePaidVAS_CallerTunes;
				  smsCmd:cached;
			      smsKey:PRE_CT_AD;
			      smsTranType:Prepaid VAS Caller Tunes" 
				targetName="20041_PrePaidVAS_postMenu"/>		

        <!-- Appupdate:  Need audio to play when Deactivation is selected -->
		<Choice dtmf="2" targetType="submenu" targetMode="DTMF" 
				dest="audioFileNameToPlay:5233;
				  previousMenu:20041_PrePaidVAS_CallerTunes;
				  smsCmd:cached;
			      smsKey:PRE_CT_AD;
			      smsTranType:Prepaid VAS Caller Tunes" 
				targetName="20041_PrePaidVAS_postMenu"/>		

		<Choice dtmf="3" targetType="submenu" targetMode="DTMF" 
				dest="audioFileNameToPlay:5234;
				  previousMenu:20041_PrePaidVAS_CallerTunes;
				  smsCmd:cached;
			      smsKey:PRE_CT_PRO;
			      smsTranType:Prepaid VAS Caller Tunes" 
				targetName="20041_PrePaidVAS_postMenu"/>		
	
		<Choice dtmf="9" targetType="submenu" targetMode="DTMF"
			targetName="20041_PrePaidVAS_CallerTunesOpt9"/>						
	</SubMenu>
	
	             <!-- ############################ -->
		
	<SubMenu name="20041_PrePaidVAS_CallerTunesOpt9" mode="DTMF" type="BusinessLogic"  markPosition="true" >        

		<MenuDefault targetType="submenu" targetMode="DTMF"
			         targetName="90000_CCEStart"/>
	</SubMenu>		   

	<!-- ############################ -->
	<!-- ############################ -->
	<!-- ############################ -->
	
	<SubMenu name="20042_PrePaidVAS_VLive_Promo" mode="DTMF" markPosition="false" vxml="timeout:1s" set="previousMenu:20041_PrePaidVAS"	>	

    	<Audio tts="">
    		5227.wav    	    
    	</Audio>    

        <Choice dtmf="#" targetType="submenu" targetMode="DTMF"                   
 					 dest="audioFileNameToPlay:5236;
					 	audioFileNameToPlayCCE:5001;
					 	smsCmd:cached;
			      		smsKey:PRE_VLIVE;
			      		smsTranType:Prepaid VAS Vodafone Live" 
			         targetName="20041_PrePaidVAS_postMenu_2"/>

        <Choice dtmf="*" targetType="submenu" targetMode="DTMF"                   
					 dest="audioFileNameToPlay:5236;
					 	audioFileNameToPlayCCE:5001;
					 	smsCmd:cached;
			      		smsKey:PRE_VLIVE;
			      		smsTranType:Prepaid VAS Vodafone Live" 
			         targetName="20041_PrePaidVAS_postMenu_2"/>

        <NoInput count="1" targetType="submenu" targetMode="DTMF"                       
					 dest="audioFileNameToPlay:5236;
					 	audioFileNameToPlayCCE:5001;
					 	smsCmd:cached;
			      		smsKey:PRE_VLIVE;
			      		smsTranType:Prepaid VAS Vodafone Live" 
			         targetName="20041_PrePaidVAS_postMenu_2"/>

        <NoMatch count="1" targetType="submenu" targetMode="DTMF"                       
					 dest="audioFileNameToPlay:5236;
					 	audioFileNameToPlayCCE:5001;
					 	smsCmd:cached;
			      		smsKey:PRE_VLIVE;
			      		smsTranType:Prepaid VAS Vodafone Live" 
			         targetName="20041_PrePaidVAS_postMenu_2"/>
	</SubMenu>	
				   
		
	<!-- ############################ -->
	<!-- ############################ -->
	<!-- ############################ -->
	
	<SubMenu name="20043_PrePaidVAS_MobileConnect_Promo" mode="DTMF" markPosition="false" vxml="timeout:1s" set="previousMenu:20041_PrePaidVAS"	>	

    	<Audio tts="">
    		5228.wav    	    
    	</Audio>    

        <Choice dtmf="#" targetType="submenu" targetMode="DTMF"                   
					 dest="audioFileNameToPlay:5238;
					 	audioFileNameToPlayCCE:5002;
					 	smsCmd:cached;
			      		smsKey:PRE_MOBCON;
			      		smsTranType:Prepaid VAS Mobile Connect" 
			         targetName="20041_PrePaidVAS_postMenu_2"/>

        <Choice dtmf="*" targetType="submenu" targetMode="DTMF"                   
 					 dest="audioFileNameToPlay:5238;
					 	audioFileNameToPlayCCE:5002;
					 	smsCmd:cached;
			      		smsKey:PRE_MOBCON;
			      		smsTranType:Prepaid VAS Mobile Connect" 
			         targetName="20041_PrePaidVAS_postMenu_2"/>

        <NoInput count="1" targetType="submenu" targetMode="DTMF"                       
					 dest="audioFileNameToPlay:5238;
					 	audioFileNameToPlayCCE:5002;
					 	smsCmd:cached;
			      		smsKey:PRE_MOBCON;
			      		smsTranType:Prepaid VAS Mobile Connect" 
			         targetName="20041_PrePaidVAS_postMenu_2"/>

        <NoMatch count="1" targetType="submenu" targetMode="DTMF"                       
 					 dest="audioFileNameToPlay:5238;
					 	audioFileNameToPlayCCE:5002;
					 	smsCmd:cached;
			      		smsKey:PRE_MOBCON;
			      		smsTranType:Prepaid VAS Mobile Connect" 
			         targetName="20041_PrePaidVAS_postMenu_2"/>
	</SubMenu>	
				   
		
	<!-- ############################ -->
	<!-- ############################ -->
	<!-- ############################ -->
	
	<SubMenu name="20044_PrePaidVAS_WorldCallingCard_Promo" mode="DTMF" markPosition="false" vxml="timeout:1s" set="previousMenu:20041_PrePaidVAS"	>	

    	<Audio tts="">
    		5230.wav    	    
    	</Audio>    
 
        <Choice dtmf="#" targetType="submenu" targetMode="DTMF"                   
 					 dest="audioFileNameToPlay:5143;
					 	audioFileNameToPlayCCE:5245;
					 	smsCmd:cached;
			      		smsKey:PRE_WCC;
			      		smsTranType:Prepaid VAS World Calling Card" 
			         targetName="20041_PrePaidVAS_postMenu_2"/>

        <Choice dtmf="*" targetType="submenu" targetMode="DTMF"                   
 					 dest="audioFileNameToPlay:5143;
					 	audioFileNameToPlayCCE:5245;
					 	smsCmd:cached;
			      		smsKey:PRE_WCC;
			      		smsTranType:Prepaid VAS World Calling Card" 
			         targetName="20041_PrePaidVAS_postMenu_2"/>

        <NoInput count="1" targetType="submenu" targetMode="DTMF"                       
 					 dest="audioFileNameToPlay:5143;
					 	audioFileNameToPlayCCE:5245;
					 	smsCmd:cached;
			      		smsKey:PRE_WCC;
			      		smsTranType:Prepaid VAS World Calling Card" 
			         targetName="20041_PrePaidVAS_postMenu_2"/>
 
        <NoMatch count="1" targetType="submenu" targetMode="DTMF"                       
					 dest="audioFileNameToPlay:5143;
					 	audioFileNameToPlayCCE:5245;
					 	smsCmd:cached;
			      		smsKey:PRE_WCC;
			      		smsTranType:Prepaid VAS World Calling Card" 
			         targetName="20041_PrePaidVAS_postMenu_2"/>

	</SubMenu>	
				   
		
	<!-- ############################ -->
	<!-- ############################ -->
	<!-- ############################ -->

	
	<SubMenu name="20045_PrePaidVAS_VAlert_Promo" mode="DTMF" markPosition="false" vxml="timeout:1s" set="previousMenu:20041_PrePaidVAS"	>	

    	<Audio tts="">
    		5229.wav    	    
    	</Audio>    

        <Choice dtmf="#" targetType="submenu" targetMode="DTMF"                   
 					 targetName="20045_PrePaidVAS_VAlert"/>

        <Choice dtmf="*" targetType="submenu" targetMode="DTMF"                   
 					 targetName="20045_PrePaidVAS_VAlert"/>

        <NoInput count="1" targetType="submenu" targetMode="DTMF"                       
 					 targetName="20045_PrePaidVAS_VAlert"/>

        <NoMatch count="1" targetType="submenu" targetMode="DTMF"                       
 					 targetName="20045_PrePaidVAS_VAlert"/>
	</SubMenu>	
				   
	<SubMenu name="20045_PrePaidVAS_VAlert" mode="DTMF"   markPosition="false" 
			 set="previousMenu:20041_PrePaidVAS">       
		<Audio
			tts="For information on missed call alerts press 1
				For other alert services press 2">	
				5240.wav
				5241.wav
		</Audio>
		
		<Choice dtmf="1" targetType="submenu" targetMode="DTMF" 
				dest="audioFileNameToPlay:5242;
				  audioFileNameToPlayCCE:5243;
				  previousMenu:20045_PrePaidVAS_VAlert;
				  smsCmd:cached;
			      smsKey:PRE_MCA;
			      smsTranType:Prepaid VAS Vodafone Alert" 
				targetName="20041_PrePaidVAS_postMenu_2"/>	
				
		<Choice dtmf="2" targetType="submenu" targetMode="DTMF" 
				dest="audioFileNameToPlay:5244;
				  audioFileNameToPlayCCE:5243;
				  previousMenu:20045_PrePaidVAS_VAlert;
				  smsCmd:cached;
			      smsKey:PRE_OVALERT;
			      smsTranType:Prepaid VAS Vodafone Alert" 
				targetName="20041_PrePaidVAS_postMenu_2"/>		
					
	</SubMenu>

	<!-- ############################ -->
	<!-- ############################ -->
	<!-- ############################ -->
	
	<!-- Mirt: Chnaged the tragetName to 20047_PrePaidSMS from 20041_PrePaidVAS_postMenu_A to avoid Conf Msg Prompt -->
	<SubMenu name="20041_PrePaidVAS_postMenu" mode="DTMF" markPosition="false" vxml="timeout:1s">
		<Audio tts="Info msg">
    		(audioFileNameToPlay:wavfile)	    	    
    	</Audio>     

        <Choice dtmf="#" targetType="submenu" targetMode="DTMF"                   
 					 targetName="20047_PrePaidSMS"/>

        <Choice dtmf="*" targetType="submenu" targetMode="DTMF"                   
 					 targetName="20047_PrePaidSMS"/>

        <NoInput count="1" targetType="submenu" targetMode="DTMF"                       
 					 targetName="20047_PrePaidSMS"/>

        <NoMatch count="1" targetType="submenu" targetMode="DTMF"                       
 					 targetName="20047_PrePaidSMS"/>
	</SubMenu>	
	
	<!-- ############################ -->  

	<SubMenu name="20041_PrePaidVAS_postMenu_A" mode="DTMF" 	markPosition="false" >
	
		<Audio 	cond="customer.inroamerFlag NE Y" 
			 	tts="If you wish to receive this information through SMS press 1">	
				5074.wav
		</Audio>
		<Audio 	tts="To go back to previous menu press hash
				Press star to go to the Main menu">	
				6000.wav
		</Audio>

		<Choice dtmf="1" cond="customer.inroamerFlag NE Y" 
			targetType="submenu" targetMode="DTMF" 
			targetName="20047_PrePaidSMS"/>		
	
	</SubMenu>	
	
	<!-- ############################ -->
	<!-- ############################ -->
	<!-- ############################ -->
	
	<!-- Mirt: Chnaged the tragetName to 20047_PrePaidSMS from 20041_PrePaidVAS_postMenu_2_A to avoid Conf Msg Prompt -->
	<SubMenu name="20041_PrePaidVAS_postMenu_2" mode="DTMF" markPosition="false" vxml="timeout:1s">	
		<Audio tts="Info msg">
    		(audioFileNameToPlay:wavfile)	    	    
    	</Audio>     

        <Choice dtmf="#" targetType="submenu" targetMode="DTMF"                   
 					 targetName="20047_PrePaidSMS"/>

        <Choice dtmf="*" targetType="submenu" targetMode="DTMF"                   
 					 targetName="20047_PrePaidSMS"/>

        <NoInput count="1" targetType="submenu" targetMode="DTMF"                       
 					 targetName="20047_PrePaidSMS"/>

        <NoMatch count="1" targetType="submenu" targetMode="DTMF"                       
 					 targetName="20047_PrePaidSMS"/>
	</SubMenu>	
	
	<!-- ############################ -->  

	<SubMenu name="20041_PrePaidVAS_postMenu_2_A" mode="DTMF" 	markPosition="false" >
	
		<Audio 	cond="customer.inroamerFlag NE Y"
				tts="If you wish to receive this information through SMS press 1">	
				5074.wav
		</Audio>
		<Audio 	tts="To talk to a customer care executive press 9
				To go back to previous menu press hash
				Press star to go to the Main menu">	
				(audioFileNameToPlayCCE:wavfile)
				6000.wav
		</Audio>

		<Choice dtmf="1" cond="customer.inroamerFlag NE Y" 
			targetType="submenu" targetMode="DTMF" 
			targetName="20047_PrePaidSMS"/>		
			
		<Choice dtmf="9" targetType="submenu" targetMode="DTMF"
			targetName="20041_Which_Opt9"/>		
	
	</SubMenu>	
	
	<!-- ############################ -->
	<!-- ############################ -->
	<!-- ############################ -->
	
	<SubMenu name="20041_Which_Opt9" mode="DTMF" type="BusinessLogic"  markPosition="false" >        

		<MenuDefault cond="smsKey EQ PRE_VLIVE"
		             targetType="submenu" targetMode="DTMF"
			         targetName="20041_VLIVE_Opt9"/>
			         
		<MenuDefault cond="smsKey EQ PRE_MOBCON"
		             targetType="submenu" targetMode="DTMF"
			         targetName="20041_MOBCON_Opt9"/>
			         
		<MenuDefault cond="smsKey EQ PRE_WCC"
		             targetType="submenu" targetMode="DTMF"
			         targetName="20041_WCC_Opt9"/>
			         
		<MenuDefault cond="smsKey EQ PRE_MCA"
		             targetType="submenu" targetMode="DTMF"
			         targetName="20041_VALERT_Opt9"/>
			         
		<MenuDefault cond="smsKey EQ PRE_OVALERT"
		             targetType="submenu" targetMode="DTMF"
			         targetName="20041_VALERT_Opt9"/>

        <!--  Should never get here  -->			         
		<MenuDefault targetType="submenu" targetMode="DTMF"
			         targetName="20041_VALERT_Opt9"/>
			         
	</SubMenu>		   
	
	             <!-- ############################ -->
	
	<SubMenu name="20041_VLIVE_Opt9" mode="DTMF" type="BusinessLogic"  markPosition="true" >        

		<MenuDefault targetType="submenu" targetMode="DTMF"
			         targetName="90000_CCEStart"/>
	</SubMenu>		   
	
	             <!-- ############################ -->
	
	<SubMenu name="20041_MOBCON_Opt9" mode="DTMF" type="BusinessLogic"  markPosition="true" >        

		<MenuDefault targetType="submenu" targetMode="DTMF"
			         targetName="90000_CCEStart"/>
	</SubMenu>		   
	             <!-- ############################ -->
	
	<SubMenu name="20041_WCC_Opt9" mode="DTMF" type="BusinessLogic"  markPosition="true" >        

		<MenuDefault targetType="submenu" targetMode="DTMF"
			         targetName="90000_CCEStart"/>
	</SubMenu>		   
	             <!-- ############################ -->
	
	<SubMenu name="20041_VALERT_Opt9" mode="DTMF" type="BusinessLogic"  markPosition="true" >        

		<MenuDefault targetType="submenu" targetMode="DTMF"
			         targetName="90000_CCEStart"/>
	</SubMenu>		   
	
		
	
</CallRouting>