<?xml version="1.0" encoding="UTF-8"?>

<CallRouting name="PrePaidStart" releaseVersion="0.0" fileVersion="0.0"
	start="" startMode="" audioDir=""
	xmlns="http://ibm.com/ivr/framework/model"
	xmlns:xsi="http://www.w3.org/2001/XMLSchema-instance" 
	xsi:schemaLocation="http://ibm.com/ivr/framework/model IVRFramework.xsd">

    <!--  										-->
	<!-- Starting points for PrePaid Callflow 	-->
	<!-- 	20036_PrePaidMainMenuLanguage		-->
	<!--  										-->
	
	<Operator/>

	<!-- ############################ -->
	<!-- ############################ -->
	<!-- ############################ -->
	
  	<!-- Called from SelfServStart.xml -->


  	<SubMenu    name="20036_PrePaidMainMenuLanguage" mode="DTMF" type="BusinessLogic" markPosition="false" 
					set="mainMenuVar:20036_PrePaidMainMenu;
						 previousMenu:20036_PrePaidMainMenuLanguage"> 


		<MenuDefault cond="customer.prefLang EQ NULL"
					 targetType="submenu" targetMode="DTMF" 
		             dest="toContinueInNextSubMenu:20036_CheckIfFirstTimeCaller"
			         targetName="ToContinueInChoice"/>

		<MenuDefault  targetType="submenu" targetMode="DTMF" 
		              targetName="20036_ToSetPrefLangFromDB"/>
  	</SubMenu>	
 
  	<SubMenu name="20036_ToSetPrefLangFromDB" mode="DTMF" type="BusinessLogic" markPosition="true">

    <!-- See if wee need to get the audio language path form the "localLang property  -->
	<MenuDefault cond="customer.prefLang NE HIN, customer.prefLang NE ENG"
            targetType="submenu" targetMode="DTMF" 
            dest="LANG:$circle.localLanguage"
            handler="com.selfserv.ivr.handler.SetLang"
       		targetName="20036_CheckIfFirstTimeCaller"/>
         
	<MenuDefault targetType="submenu" targetMode="DTMF" 
            dest="LANG:$customer.prefLang"
            handler="com.selfserv.ivr.handler.SetLang"
       		targetName="20036_CheckIfFirstTimeCaller"/>
         
	</SubMenu>
 
	
	<!-- ############################ -->
	<!-- ############################ -->
	<!-- ############################ -->
	
  	<!-- Called from SelfServStart.xml -->

 	
	<!-- ############################ -->
	<!-- ############################ -->
	<!-- ############################ -->
	
	<SubMenu name="20036_CheckIfFirstTimeCaller" mode="DTMF" type="BusinessLogic"	markPosition="false">
	
	    <!-- If a 1st time caller go play 1st time caller msg, if not play Promo msg -->
		<MenuDefault cond="customer.firstTimeCallerFlag EQ Y"
		             targetType="submenu" targetMode="DTMF"
			         targetName="20036_PrePaidMainMenu_FirstTime"/>
			         
		<MenuDefault targetType="submenu" targetMode="DTMF" 
			         targetName="20036_PrePaidMainMenu_Promo"/>	
	</SubMenu>
	
	<!-- ############################ -->
	<!-- ############################ -->
	<!-- ############################ -->

	<SubMenu name="20036_PrePaidMainMenu_FirstTime" mode="DTMF" vxml="timeout:1s" markPosition="false"	>	
    	<Audio tts=""  cond="customer.firstTimeCallerFlag EQ Y">
    		5282.wav    	    
    	</Audio>    

        <Choice dtmf="#" targetType="submenu" targetMode="DTMF"                   
 					 dest="queryNextSubMenu:20036_PrePaidMainMenu;
					  	   compliantNextSubMenu:PrePaidComplaintMenu"
			         targetName="CheckForQueryComplaintMenuPre"/>

        <Choice dtmf="*" targetType="submenu" targetMode="DTMF"                   
					 dest="queryNextSubMenu:20036_PrePaidMainMenu;
					  	   compliantNextSubMenu:PrePaidComplaintMenu"
			         targetName="CheckForQueryComplaintMenuPre"/>

        <NoInput count="1" targetType="submenu" targetMode="DTMF"                       
					 dest="queryNextSubMenu:20036_PrePaidMainMenu;
					  	   compliantNextSubMenu:PrePaidComplaintMenu"
			         targetName="CheckForQueryComplaintMenuPre"/>

        <NoMatch count="1" targetType="submenu" targetMode="DTMF"                       
 					 dest="queryNextSubMenu:20036_PrePaidMainMenu;
					  	   compliantNextSubMenu:PrePaidComplaintMenu"
			         targetName="CheckForQueryComplaintMenuPre"/>
	</SubMenu>	
	
	<!-- ############################ -->
	<!-- ############################ -->
	<!-- ############################ -->
					
	<SubMenu name="20036_PrePaidMainMenu_Promo" mode="DTMF" markPosition="false" vxml="timeout:1s">
		<!-- National Promptional message audio file is 5177.wav-->
    	<Audio tts="">
    		5177.wav    	    
    	</Audio>    

        <Choice dtmf="#" targetType="submenu" targetMode="DTMF"                   
 					 dest="queryNextSubMenu:20036_PrePaidMainMenu;
					  	   compliantNextSubMenu:PrePaidComplaintMenu"
			         targetName="CheckForQueryComplaintMenuPre"/>	

        <Choice dtmf="*" targetType="submenu" targetMode="DTMF"                   
 					 dest="queryNextSubMenu:20036_PrePaidMainMenu;
					  	   compliantNextSubMenu:PrePaidComplaintMenu"
			         targetName="CheckForQueryComplaintMenuPre"/>	

        <NoInput count="1" targetType="submenu" targetMode="DTMF"                       
 					 dest="queryNextSubMenu:20036_PrePaidMainMenu;
					  	   compliantNextSubMenu:PrePaidComplaintMenu"
			         targetName="CheckForQueryComplaintMenuPre"/>	

        <NoMatch count="1" targetType="submenu" targetMode="DTMF"                       
					 dest="queryNextSubMenu:20036_PrePaidMainMenu;
					  	   compliantNextSubMenu:PrePaidComplaintMenu"
			         targetName="CheckForQueryComplaintMenuPre"/>	
	</SubMenu>	
	
	
	
	<!-- ############################ -->
	<!-- ############################ -->
	<!-- ############################ -->
		
 	<SubMenu name="20036_PrePaidMainMenu" mode="DTMF"   markPosition="true" 
 					set="previousMenu:20036_PrePaidMainMenu;
 						 mainMenuVar:20036_PrePaidMainMenu">        
		<Audio
			tts="For Balance and Recharge press 1
				For information on New offers press 2
				For Information on roaming press 3
				For Information on prepaid to postpaid migration press 4
				For PUK, SIM Loss And to change your language press 5">
			5178.wav 5010.wav 5180.wav 5336.wav 5182.wav
		</Audio>
		
		<Choice dtmf="1" targetType="submenu" targetMode="DTMF"
		        dest="customer.tran_type:QR_PRE_BALREC;
		        	  20037_PrePaidBalanceAndRechargePrevMenu:20036_PrePaidMainMenu" 
			    targetName="20037_PrePaidBalanceAndRecharge_Promo"/>

		<Choice dtmf="2" targetType="submenu" targetMode="DTMF"
		        dest="customer.tran_type:QR_PRE_VAS"
			    targetName="20041_PrePaidVAS"/>
			
		<Choice dtmf="3" targetType="submenu" targetMode="DTMF"
		        dest="customer.tran_type:QR_PRE_ROAMISD"
			    targetName="20046_PrePaidRoaming"/>

		<Choice dtmf="4" targetType="submenu" targetMode="DTMF"
		        dest="customer.tran_type:QR_PRE_MIGRATE"
			    targetName="90000_CCEStart"/>	

		<Choice dtmf="5" targetType="submenu" targetMode="DTMF"
		        dest="customer.tran_type:QR_PRE_SIMPUK"
			    targetName="20048_PrePaidPUKSIMlossLang"/>						
	</SubMenu>
	
	<!-- ############################ -->
	<!-- ############################ -->
	<!-- ############################ -->
	
	<!-- When calling this menu please issue a dest="20037_PrePaidBalanceAndRechargePrevMenu:XXX"  -->
	<!-- Where XXX is the previous menu to return to upon entry into this menu.   -->
		            
	<SubMenu name="20037_PrePaidBalanceAndRecharge_Promo" mode="DTMF" vxml="timeout:1s"	markPosition="false"	>	
		<!-- PrePd Bal and Recharge Promptional message audio file is 5000.wav-->
    	<Audio tts="">
    		5000.wav     
    	</Audio>    

        <Choice dtmf="#" targetType="submenu" targetMode="DTMF"                   
 					 targetName="20037_PrePaidBalanceAndRecharge"/>

        <Choice dtmf="*" targetType="submenu" targetMode="DTMF"                   
 					 targetName="20037_PrePaidBalanceAndRecharge"/>

        <NoInput count="1" targetType="submenu" targetMode="DTMF"                       
 					 targetName="20037_PrePaidBalanceAndRecharge"/>

        <NoMatch count="1" targetType="submenu" targetMode="DTMF"                       
 					 targetName="20037_PrePaidBalanceAndRecharge"/>
	</SubMenu>	
	
	<SubMenu name="20037_PrePaidBalanceAndRecharge" mode="DTMF"   markPosition="true" set="previousMenu:$20037_PrePaidBalanceAndRechargePrevMenu">        
		<Audio
			tts="To know how to check your balance press 1
				To know how to recharge your card press 2
				To get information on our recharge coupons press 3
				To go back to previous menu press hash
				Press star to go to the Main menu">	
				5183.wav
				5184.wav
				5185.wav
				6000.wav	
		</Audio>
		
		<Choice dtmf="1" targetType="submenu" targetMode="DTMF"  
			targetName="20037_PrePaidBalanceAndRecharge_ChkBal"/>

		<Choice dtmf="2" targetType="submenu" targetMode="DTMF"
			targetName="20038_RechargeCard"/>
					
		<Choice dtmf="3" targetType="submenu" targetMode="DTMF"
			targetName="20040_RechargeCoupons"/>			
	</SubMenu>
	
	<!-- ############################ -->
	<!-- ############################ -->
	<!-- ############################ -->


	<SubMenu name="20037_PrePaidBalanceAndRecharge_ChkBal" mode="DTMF" markPosition="false" vxml="timeout:1s">
		<Audio
			tts="To know the balance available on your Vodaphone prepaid card ....">	
				5186.wav
		</Audio>

       <Choice dtmf="#" targetType="submenu" targetMode="DTMF"                   
 					 targetName="20037_PrePaidBalanceAndRecharge_ChkBal_2"/>

        <Choice dtmf="*" targetType="submenu" targetMode="DTMF"                   
 					 targetName="20037_PrePaidBalanceAndRecharge_ChkBal_2"/>

        <NoInput count="1" targetType="submenu" targetMode="DTMF"                       
 					 targetName="20037_PrePaidBalanceAndRecharge_ChkBal_2"/>

        <NoMatch count="1" targetType="submenu" targetMode="DTMF"                       
 					 targetName="20037_PrePaidBalanceAndRecharge_ChkBal_2"/>
	</SubMenu>	
	
	<!-- ############################ -->  																				  
	
	<SubMenu name="20037_PrePaidBalanceAndRecharge_ChkBal_2" mode="DTMF"   markPosition="false" 
					set="previousMenu:20037_PrePaidBalanceAndRecharge">   
		
		<Audio cond="customer.inroamerFlag NE Y" 
			tts="If you wish to receive this information through SMS press 1">	
				5074.wav
		</Audio>
		<Audio
			tts="To talk to our Customer Service executive press 9
				To go back to previous menu press hash
				Press star to go to the Main menu">	
				5187.wav
				6000.wav	
		</Audio>
		
		
		<Choice dtmf="1" cond="customer.inroamerFlag NE Y" 
			targetType="submenu" targetMode="DTMF" 
			dest="smsCmd:cached;
			      smsKey:PRE_BAL;
			      smsTranType:Prepaid Balance Info"
			       
			targetName="20047_PrePaidSMS"/>

		<Choice dtmf="9" targetType="submenu" targetMode="DTMF"
			targetName="20037_PrePaidBalanceAndRecharge_ChkBal_Opt9"/>		
			
	</SubMenu>
	             <!-- ############################ -->
	
	<SubMenu name="20037_PrePaidBalanceAndRecharge_ChkBal_Opt9" mode="DTMF" type="BusinessLogic"  markPosition="true" >        

		<MenuDefault targetType="submenu" targetMode="DTMF"
			         targetName="90000_CCEStart"/>
	</SubMenu>		   

	<!-- ############################ -->
	<!-- ############################ -->
	<!-- ############################ -->
	
	<SubMenu name="20038_RechargeCard" mode="DTMF"   markPosition="true" set="previousMenu:20037_PrePaidBalanceAndRecharge">        
		<Audio
			tts="Information on how to recharge press 1
				To know about various recharge centers press 2
				To talk to our Customer Service executive press 9
				To go back to previous menu press hash
				Press star to go to the Main menu">	
				5188.wav
				5189.wav
				5190.wav
				6000.wav	
		</Audio>
		
		<Choice dtmf="1" targetType="submenu" targetMode="DTMF"  
			targetName="20038_RechargeCard_HowTo"/>
			
		<Choice dtmf="2" targetType="submenu" targetMode="DTMF" 
			dest="pinCodeErrCount:0;
				  PostalPinCodeNotFoundCount:0"  
			targetName="20038_RechargeCard_FindCenter"/>
		
		<Choice dtmf="9" targetType="submenu" targetMode="DTMF"
			targetName="90000_CCEStart"/>		
	
	</SubMenu>
	
	<!-- ############################ -->
	<!-- ############################ -->
	<!-- ############################ -->

	<SubMenu name="20038_RechargeCard_HowTo" mode="DTMF"   markPosition="true" set="previousMenu:20038_RechargeCard">        
		<Audio
			tts="Recharge through coupons press 1
				Recharge through Banks press 2
				Recharge through SSK press 3
				To go back to previous menu press hash
				Press star to go to the Main menu">	
				5191.wav
				5192.wav
				5193.wav
				6000.wav	
		</Audio>

		<Choice dtmf="1" targetType="submenu" targetMode="DTMF" 
			dest="audioFileNameToPlay:5194;
				  smsCmd:cached;
			      smsKey:PRE_RE_COU;
			      smsTranType:Prepaid Recharge Card coupons" 
			targetName="20038_RechargeCard_postMenu"/>		

		<Choice dtmf="2" targetType="submenu" targetMode="DTMF"  
			dest="audioFileNameToPlay:5195;
			      smsCmd:cached;
			      smsKey:PRE_RE_BAN;
			      smsTranType:Prepaid Recharge Card Banks" 
			targetName="20038_RechargeCard_postMenu"/>
	
		<Choice dtmf="3" targetType="submenu" targetMode="DTMF"  
			dest="audioFileNameToPlay:5196;
			      smsCmd:cached;
			      smsKey:PRE_RE_KIO;
			      smsTranType:Prepaid Recharge Card SSK"  
			targetName="20038_RechargeCard_postMenu"/>
		
		<Choice dtmf="9" targetType="submenu" targetMode="DTMF"
			targetName="90000_CCEStart"/>				
	</SubMenu>
	
	<!-- ############################ -->
	<!-- ############################ -->
	<!-- ############################ -->

	<SubMenu name="20038_RechargeCard_postMenu" mode="DTMF" markPosition="false" vxml="timeout:1s">	
		<Audio tts="">
    		(audioFileNameToPlay:wavfile)	    	    
    	</Audio>   

        <Choice dtmf="#" targetType="submenu" targetMode="DTMF"                   
 					 targetName="20038_RechargeCard_postMenu_2"/>

        <Choice dtmf="*" targetType="submenu" targetMode="DTMF"                   
 					 targetName="20038_RechargeCard_postMenu_2"/>

        <NoInput count="1" targetType="submenu" targetMode="DTMF"                       
 					 targetName="20038_RechargeCard_postMenu_2"/>

        <NoMatch count="1" targetType="submenu" targetMode="DTMF"                       
 					 targetName="20038_RechargeCard_postMenu_2"/>
	</SubMenu>	
	
	<!-- ############################ -->  	

	<SubMenu name="20038_RechargeCard_postMenu_2" mode="DTMF" type="BusinessLogic"	
				markPosition="false" set="previousMenu:20038_RechargeCard_HowTo">
 
 		<MenuDefault cond="customer.inroamerFlag NE Y"
					 targetType="submenu" targetMode="DTMF" 
			         targetName="20038_RechargeCard_postMenu_3"/>	
	
		<MenuDefault targetType="submenu" targetMode="DTMF" 
			         targetName="GlobalPrompting"/>
	</SubMenu>	
	
		<!-- ############################ -->  	

	<SubMenu name="20038_RechargeCard_postMenu_3" mode="DTMF" 	markPosition="false" set="previousMenu:20038_RechargeCard_HowTo">
 
		<Audio
			tts="If you wish to receive this information through SMS press 1
				To go back to previous menu press hash
				Press star to go to the Main menu">	
				5074.wav 6000.wav	
		</Audio>

		<Choice dtmf="1" cond="customer.inroamerFlag NE Y"
			targetType="submenu" targetMode="DTMF" 
			targetName="20047_PrePaidSMS"/>		
	
	</SubMenu>	
	<!-- ############################ -->
	<!-- ############################ -->
	<!-- ############################ -->

	<SubMenu name="20038_RechargeCard_FindCenter" mode="DTMF"   markPosition="false" set="previousMenu:20037_PrePaidBalanceAndRecharge" vxml="interdigittimeout:3s">        
		<Audio
			tts="Please enter the 6 digit postal pincode">	
				5331.wav	
		</Audio>	
		<Grammar>digits6.grxml</Grammar>					
		<Choice dtmf="@digits6" targetType="submenu" 		  
			      dest="smsCmd:postal;
			      		smsPin:$digits6;
			      		smsTranType:PrepaidFindRechargeCardCenters"
		          targetName="20039_RechargeCard_FindCenter_callSMSCheck"/>  

		  <!-- Added the catch of * #  and treat as NoMatch NoInput.  These options are not allowed here.  -->                                       	                               	
  	                               	
		<Choice dtmf="*" 
		        targetType="submenu" targetMode="DTMF"
		        dest="invIpt:true"
				targetName="20038_CheckPostalPinErrCount"/> 
				                                          	                               	
		<Choice dtmf="#" 
		        targetType="submenu" targetMode="DTMF"
		        dest="invIpt:true"
				targetName="20038_CheckPostalPinErrCount"/> 
				
          <NoInput count="1"  
                   targetType="submenu" targetMode="DTMF"
                   dest="invIpt:false"
                   targetName="20038_CheckPostalPinErrCount"> 
          </NoInput>
          
          <NoMatch count="1"  
                   targetType="submenu" targetMode="DTMF"
                   dest="invIpt:true" 
                   targetName="20038_CheckPostalPinErrCount"> 
          </NoMatch>
				        
   
	</SubMenu>

		            <!-- ############################ -->
		            <!-- ############################ -->
		            <!-- ############################ -->
	
	
	<SubMenu name="20038_CheckPostalPinErrCount" mode="DTMF" type="BusinessLogic"	markPosition="false">	

		<MenuDefault cond="pinCodeErrCount EQ 0"
		             dest="pinCodeErrCount:1"
		             targetType="submenu" targetMode="DTMF"
			         targetName="20038_CheckIfCustCountAudio"/>
		         
		<MenuDefault cond="pinCodeErrCount EQ 1"
		             targetType="submenu" targetMode="DTMF" 
			         targetName="90000_MaxTrials"/>		         

	</SubMenu>
		            <!-- ############################ -->
	<SubMenu name="20038_CheckIfCustCountAudio" mode="DTMF" type="PromptPlay"	markPosition="false">
	
    	<Audio   cond="invIpt EQ true"
    	         tts="Sorry that was an invalid entry. Please try again">
                 5270.wav
    	</Audio>    
	
    	<Audio   cond="invIpt NE true"
    	         tts="Please provide an input">
                 5269.wav
    	</Audio>    
    	
 		<MenuDefault targetType="submenu" targetMode="DTMF"
			         targetName="20038_RechargeCard_FindCenter"/>
			         
	</SubMenu>

	<!-- ############################ -->
	<!-- ############################ -->
	<!-- ############################ -->
	
	
	<!--  determine if SMS handler should be called, if not called set DBRC to F_C to get the sorry message msg played to caller -->
	<SubMenu name="20039_RechargeCard_FindCenter_callSMSCheck" mode="DTMF" type="BusinessLogic"  clearDTMFBuffer="true" 
	         markPosition="true" set="previousMenu:20038_RechargeCard">        
							
		<MenuDefault cond="customer.inroamerFlag NE Y" 
		             targetType="submenu" targetMode="DTMF"
		             handler="com.selfserv.ivr.handler.SMS"
			         targetName="20039_CheckPinCodeSMSRc"/>
		
		<MenuDefault targetType="submenu" targetMode="DTMF"
					 dest="DBRC:F_C"
			         targetName="20039_CheckPinCodeSMSRc"/>
 
	</SubMenu>
	
	<!-- ############################ -->
	
	<SubMenu name="20039_CheckPinCodeSMSRc" mode="DTMF" type="BusinessLogic"	markPosition="false" >
	
	    <!-- SMS message sent -->
		<MenuDefault cond="DBRC EQ S"
		             dest="SMSAudioToPlay:5303;
		             	   PostalPinCodeNotFoundCount:0"
					 targetType="submenu" targetMode="DTMF"		            
			         targetName="20047_Prepaid_PostSMS"/>

		
		<!-- Aug 26, 2008 SCS - added logic to test for F_NF and repromt twice-->	         	
	    <!-- SMS message not sent  because Postal PIN was not found -->			         
	    <MenuDefault cond="DBRC EQ F_NF, PostalPinCodeNotFoundCount EQ 0"
		             targetType="submenu" targetMode="DTMF"
		             dest="PostalPinCodeNotFoundCount:1"  			
			         targetName="20047_Prepaid_PinNotFound"/>
		<MenuDefault cond="DBRC EQ F_NF, PostalPinCodeNotFoundCount EQ 1"
		             targetType="submenu" targetMode="DTMF"
		             dest="PostalPinCodeNotFoundCount:2"  			
			         targetName="20047_Prepaid_PinNotFound"/>
		<MenuDefault cond="DBRC EQ F_NF, PostalPinCodeNotFoundCount EQ 2"
		             targetType="submenu" targetMode="DTMF"
		             dest="PostalPinCodeNotFoundCount:3"  			
			         targetName="20047_Prepaid_PinNotFound"/>
			         	
	    <!-- SMS message not sent  Critical Failure -->
		<MenuDefault cond="DBRC EQ F_C"
					 targetType="submenu" targetMode="DTMF"
		             dest="SMSAudioToPlay:5253"
			         targetName="20047_Prepaid_PostSMS"/>
	 
	 	<!-- DataBase Link(s) are down -->
		<MenuDefault targetType="submenu" targetMode="DTMF" 
			         targetName="90000_IVRDBLINKDOWN"/>
			         
	</SubMenu>

		            <!-- ############################ -->
		            <!-- ############################ -->
		            <!-- ############################ -->
	
	<!-- Aug 26, 2008 SCS - added logic to reprompt twice for new postal pin if DBRC==F_NF-->	     	
	<SubMenu name="20047_Prepaid_PinNotFound" mode="DTMF" type="BusinessLogic"	markPosition="false">	

		<MenuDefault cond="PostalPinCodeNotFoundCount EQ 1"
		             targetType="submenu" targetMode="DTMF"
			         targetName="20047_Prepaid_PinNotFound_2"/>
			         
		<MenuDefault cond="PostalPinCodeNotFoundCount EQ 2"
		             targetType="submenu" targetMode="DTMF"
			         targetName="20047_Prepaid_PinNotFound_2"/>	
		         
		<MenuDefault cond="PostalPinCodeNotFoundCount EQ 3"
		             targetType="submenu" targetMode="DTMF" 
			         targetName="90000_MaxTrials"/>		
			         
	    <MenuDefault 
		             targetType="submenu" targetMode="DTMF"
			         targetName="20047_Prepaid_PinNotFound_2"/>     

	</SubMenu>
		            <!-- ############################ -->
	<SubMenu name="20047_Prepaid_PinNotFound_2" mode="DTMF" type="PromptPlay"	markPosition="false">
	
    	<Audio   
    	         tts="Sorry that was an invalid entry. Please try again">
                 5270.wav
    	</Audio>    
    	
 		<MenuDefault targetType="submenu" targetMode="DTMF"
			         targetName="20038_RechargeCard_FindCenter"/>
			         
	</SubMenu>

	<!-- ############################ -->
	<!-- ############################ -->
	<!-- ############################ -->
	
	<!-- Prepaid SMS - all except Postal PIN SMS -->
	<SubMenu name="20047_PrePaidSMS" mode="DTMF" type="BusinessLogic"	markPosition="false">
	
		<MenuDefault targetType="submenu" targetMode="DTMF" 
					 handler="com.selfserv.ivr.handler.SMS" 
		          	 targetName="20047_CheckSMSRc"/>  
	</SubMenu>	
		
	<!-- ############################ -->
	<!-- ############################ -->
	<!-- ############################ -->
	
	
	<SubMenu name="20047_CheckSMSRc" mode="DTMF" type="BusinessLogic"	markPosition="false"	>
	
	    <!-- SMS message sent -->
		<MenuDefault cond="DBRC EQ S"
		             targetType="submenu" targetMode="DTMF"
		             dest="SMSAudioToPlay:5303"
			         targetName="20047_Prepaid_PostSMS"/>
			         	
	    <!-- SMS message not sent -->
		<MenuDefault cond="DBRC EQ F_C"
					 targetType="submenu" targetMode="DTMF"
		             targetAudio="5253.wav"
		             dest="SMSAudioToPlay:5253"
			         targetName="20047_Prepaid_PostSMS"/>
	 
	 	<!-- DataBase Link(s) are down -->
		<MenuDefault targetType="submenu" targetMode="DTMF" 
			         targetName="90000_IVRDBLINKDOWN"/>
			         
	</SubMenu>
	
	<!-- ############################ -->
	<!-- ############################ -->
	<!-- ############################ -->
	
	<SubMenu name="20047_Prepaid_PostSMS" mode="DTMF" type="PromptPlay"	markPosition="false" >	
		<!-- PrePd Bal and Recharge Promptional message audio file is 5000.wav-->
    	<Audio tts="You will soon receive an SMS on your mobile OR
    				Sorry we are unable to process your request now.">
    		(SMSAudioToPlay:wavfile)	    	    
    	</Audio>    
		<MenuDefault targetType="submenu" targetMode="DTMF" 
			         targetName="GlobalPrompting"/>
	</SubMenu>	
	
		
	<!-- ############################ -->
	<!-- ############################ -->
	<!-- ############################ -->

	<SubMenu name="20040_RechargeCoupons" mode="DTMF"   markPosition="true" set="previousMenu:20037_PrePaidBalanceAndRecharge">        
		<Audio
			tts="Recharge Coupon 1
				 Recharge Coupon 2
				 Recharge Coupon 3
				 To go back to previous menu press hash
				 Press star to go to the Main menu">	
				5198.wav
				5199.wav
				5200.wav
				6000.wav	
		</Audio>
		<Choice dtmf="1" targetType="submenu" targetMode="DTMF"
			dest="audioFileNameToPlay:5201;
				  smsCmd:cached;
			      smsKey:PRE_RE_CO1;
			      smsTranType:Prepaid Recharge Coupons 1"  
			targetName="20040_RechargeCoupons_postMenu"/>
			
		<Choice dtmf="2" targetType="submenu" targetMode="DTMF"
			dest="audioFileNameToPlay:5202;
				  smsCmd:cached;
			      smsKey:PRE_RE_CO2;
			      smsTranType:Prepaid Recharge Coupons 2"  
			targetName="20040_RechargeCoupons_postMenu"/>
			
		<Choice dtmf="3" targetType="submenu" targetMode="DTMF"
			dest="audioFileNameToPlay:5203;
				  smsCmd:cached;
			      smsKey:PRE_RE_CO3;
			      smsTranType:Prepaid Recharge Coupons 3"  
			targetName="20040_RechargeCoupons_postMenu"/>
			
	</SubMenu>
	
	<!-- ############################ -->
	<!-- ############################ -->
	<!-- ############################ -->
	
	
	<SubMenu name="20040_RechargeCoupons_postMenu" mode="DTMF" markPosition="false" vxml="timeout:1s">
		<Audio tts="coupon message">
    		(audioFileNameToPlay:wavfile)	    	    
    	</Audio>  

        <Choice dtmf="#" targetType="submenu" targetMode="DTMF"                   
 					 targetName="20040_RechargeCoupons_postMenu_2"/>

        <Choice dtmf="*" targetType="submenu" targetMode="DTMF"                   
 					 targetName="20040_RechargeCoupons_postMenu_2"/>

        <NoInput count="1" targetType="submenu" targetMode="DTMF"                       
 					 targetName="20040_RechargeCoupons_postMenu_2"/>

        <NoMatch count="1" targetType="submenu" targetMode="DTMF"                       
 					 targetName="20040_RechargeCoupons_postMenu_2"/>
	</SubMenu>	
	
	<!-- ############################ -->  	

	<SubMenu name="20040_RechargeCoupons_postMenu_2" mode="DTMF" 	markPosition="true" set="previousMenu:20040_RechargeCoupons">

		<!--  IF (inroamerFlag == Y) -->
		<!--  THEN do not offer SMS option  -->		
		<Audio cond="customer.inroamerFlag NE Y" 
			tts="If you wish to receive this information through SMS press 1">	
				5074.wav
		</Audio>
					
		
		<Audio
			tts="To talk to our Customer Service executive press 9
				To go back to previous menu press hash
				Press star to go to the Main menu">	
				5204.wav
				6000.wav	
		</Audio>
		

		<Choice dtmf="1" cond="customer.inroamerFlag NE Y"
			targetType="submenu" targetMode="DTMF" 
			targetName="20047_PrePaidSMS"/>		
	
		<Choice dtmf="9" targetType="submenu" targetMode="DTMF"
			targetName="90000_CCEStart"/>		
	
	</SubMenu>	
	
	<!-- ############################ -->
	<!-- ############################ -->
	<!-- ############################ -->
		
	<SubMenu name="20046_PrePaidRoaming" mode="DTMF" markPosition="false" vxml="timeout:1s">	
		<Audio
			tts="Product features, SMS codes and charges will be played">	
				5217.wav
		</Audio>

        <Choice dtmf="#" targetType="submenu" targetMode="DTMF"                   
 					 targetName="20046_PrePaidRoaming_2"/>

        <Choice dtmf="*" targetType="submenu" targetMode="DTMF"                   
 					 targetName="20046_PrePaidRoaming_2"/>

        <NoInput count="1" targetType="submenu" targetMode="DTMF"                       
 					 targetName="20046_PrePaidRoaming_2"/>

        <NoMatch count="1" targetType="submenu" targetMode="DTMF"                       
 					 targetName="20046_PrePaidRoaming_2"/>
	</SubMenu>	
	
	<!-- ############################ -->  	
	
	
	<SubMenu name="20046_PrePaidRoaming_2" mode="DTMF"   markPosition="true" set="previousMenu:20036_PrePaidMainMenu">        
		
		<Audio cond="customer.inroamerFlag NE Y"
			tts="If you wish to receive this information through SMS press 1">	
				5074.wav
		</Audio>
		
		<Audio
			tts="To talk to our Customer Service executive press 9
				To go back to previous menu press hash
				Press star to go to the Main menu">	
				5218.wav
				6000.wav	
		</Audio>

		<Choice dtmf="1" cond="customer.inroamerFlag NE Y"
				dest="smsCmd:cached;
			      smsKey:PRE_ROAM;
			      smsTranType:Prepaid Roaming" 
			targetType="submenu" targetMode="DTMF"
			targetName="20047_PrePaidSMS"/>
			
		<Choice dtmf="9" targetType="submenu" targetMode="DTMF"
			targetName="20046_PrePaidRoaming_Opt9"/>		
					
	</SubMenu>
	             <!-- ############################ -->
	
	<SubMenu name="20046_PrePaidRoaming_Opt9" mode="DTMF" type="BusinessLogic"  markPosition="true" >        

		<MenuDefault targetType="submenu" targetMode="DTMF"
			         targetName="90000_CCEStart"/>
	</SubMenu>		   
	
	<!-- ############################ -->
	<!-- ############################ -->
	<!-- ############################ -->
				   
	
	
	<SubMenu name="20048_PrePaidPUKSIMlossLang" mode="DTMF"   markPosition="false" set="previousMenu:20036_PrePaidMainMenu">        
		<Audio
			tts="To report loss of your SIM, press 1">	
				5163.wav
		</Audio>
		<!--  IF (customerFound == N) -->
		<!--  THEN do not offer option 2 Info on PUK  -->		
		<Audio cond="customer.callerFound EQ Y" 
			tts="For information on PUK number, press 2">	
				5164.wav
		</Audio>	
		<!--  IF not found in LDB -->
		<!--  THEN do not offer option 3 chg pref lang  -->		
		<Audio cond="customer.callerFound EQ Y, customer.inroamerFlag EQ N"
			tts="To change your preferred language, press 3">	
				5165.wav
		</Audio>			
		<Audio
			tts="To go back to previous menu press hash
				Press star to go to the Main menu">	
				6000.wav	
		</Audio>

		<Choice dtmf="1" targetType="submenu" targetMode="DTMF"
			    targetName="20048_PrePaidSIMLoss"/>
			
		<Choice dtmf="2" cond="customer.callerFound EQ Y"
			    targetType="submenu" targetMode="DTMF"
			    targetName="20049_PrePaidPUK"/>
			
		<Choice dtmf="3" cond="customer.callerFound EQ Y, customer.inroamerFlag EQ N"
			    targetType="submenu" targetMode="DTMF"
			    targetName="20050_PrePaidSetLang"/>					
	</SubMenu>
	
	<!-- ############################ -->
	<!-- ############################ -->
	<!-- ############################ -->
		
	<SubMenu name="20048_PrePaidSIMLoss" mode="DTMF" type="BusinessLogic"  markPosition="true" >        

		<MenuDefault targetType="submenu" targetMode="DTMF"
				     handler="com.selfserv.ivr.handler.SIMLoss"
			         targetName="90000_CCEStart"/>
 	<!-- We do not need to look at DBRC - the handler will log an error if unsuccessful -->
	</SubMenu>		   
	
	<SubMenu name="20050_PrePaidSetLang" mode="DTMF" type="BusinessLogic"  markPosition="true" > 
		<MenuDefault dest="previousMenu:20048_PrePaidPUKSIMlossLang"
					 targetType="submenu" targetMode="DTMF"
			         targetName="ToSetLangChoiceInit" />
	</SubMenu>	
		   
	<!-- ############################ -->
	<!-- ############################ -->
	<!-- ############################ -->
	
	<SubMenu name="20049_PrePaidPUK" mode="DTMF" type="BusinessLogic"  markPosition="true" >        

		<MenuDefault dest="previousMenu:20048_PrePaidPUKSIMlossLang" 
					targetType="submenu" targetMode="DTMF"
			        targetName="55000_PUKStart" />
	</SubMenu>
</CallRouting>