<?xml version="1.0" encoding="UTF-8"?>
<CallRouting name="PUKStart" releaseVersion="0.0" fileVersion="0.0"
	start="" startMode="" audioDir=""
	xmlns="http://ibm.com/ivr/framework/model"
	xmlns:xsi="http://www.w3.org/2001/XMLSchema-instance" 
	xsi:schemaLocation="http://ibm.com/ivr/framework/model IVRFramework.xsd">

    <!--  -->
	<!-- Starting point of the PUK callflow -->
	<!--  -->
	  
	<Operator/>
	

		            <!-- ############################ -->
		            <!-- ############################ -->
		            <!-- ############################ -->

       <SubMenu    name="55000_PUKStart" mode="DTMF"  type="BusinessLogic" markPosition="false" 
                                                                           set="blkMobileNumCount:0;
                                                                                blkMobileCollectCount:0;
                                                                                blkMobileInvCount:0">
                                                      
		<MenuDefault targetType="submenu" targetMode="DTMF" 
			         targetName="55000_EntrerMobileNumber"/>

	   </SubMenu>
	   
	       
		            <!-- ############################ -->
		            <!-- ############################ -->
		            <!-- ############################ -->
	
       <SubMenu    name="55000_EntrerMobileNumber" mode="DTMF"  markPosition="false" vxml="interdigittimeout:3s"> 

           <!--  -->
		   <Audio tts="Please enter the blocked 10-digit mobile number">
				       5166.wav
		   </Audio>
		   
		  <Grammar>digits10.grxml</Grammar>
		
			<!--   -->
		  <Choice dtmf="@digits10" targetType="submenu" 
			      dest="blockedNumber:$digits10"
			      targetName="55000_EnterMobileNumberConfirm"/>
		          
		<!-- Added the catch of * # 9 and treat as NoMatch NoInput.  These options are not allowed here.  -->                                       	                               	
		  <Choice dtmf="9" 
		          targetType="submenu" targetMode="DTMF"
		          dest="invIpt:true"
			      targetName="55000_CheckMobileCollectCount"/> 
				                                          	                               	
		  <Choice dtmf="*" 
		          targetType="submenu" targetMode="DTMF"
		          dest="invIpt:true"
			      targetName="55000_CheckMobileCollectCount"/> 
				                                          	                               	
		  <Choice dtmf="#" 
		          targetType="submenu" targetMode="DTMF"
		          dest="invIpt:true"
			      targetName="55000_CheckMobileCollectCount"/> 

		          
          <NoInput count="1"  targetType="submenu" dest="invIpt:false" targetMode="DTMF" targetName="55000_CheckMobileCollectCount"> </NoInput>
          <NoMatch count="1"  targetType="submenu" dest="invIpt:true" targetMode="DTMF" targetName="55000_CheckMobileCollectCount"> </NoMatch>
 
	   </SubMenu>
			            <!-- ############################ -->
	
	<SubMenu name="55000_CheckMobileCollectCount" mode="DTMF" type="BusinessLogic"	markPosition="false">
	
		<MenuDefault cond="blkMobileCollectCount EQ 0"
		             dest="blkMobileCollectCount:1"
		             targetType="submenu" targetMode="DTMF" 
			         targetName="55000_CheckMobileCollectCountAudio"/>
			         
	
		<MenuDefault cond="blkMobileCollectCount EQ 1"
		             targetType="submenu" targetMode="DTMF" 
			         targetName="90000_MaxTrials"/>
			         
	</SubMenu>
		            <!-- ############################ -->
	<SubMenu name="55000_CheckMobileCollectCountAudio" mode="DTMF" type="PromptPlay"	markPosition="false">
	
    	<Audio   cond="invIpt EQ true"
    	         tts="Sorry that was an invalid entry. Please try again">
                 5270.wav
    	</Audio>    
	
    	<Audio   cond="invIpt NE true"
    	         tts="Please provide an input">
                 5269.wav
    	</Audio>    
    	
 		<MenuDefault targetType="submenu" targetMode="DTMF"
			         targetName="55000_EntrerMobileNumber"/>
			         
	</SubMenu>
	   
		            <!-- ############################ -->
		            <!-- ############################ -->
		            <!-- ############################ -->
	
	<SubMenu name="55000_CheckMobileNumCount" mode="DTMF" type="BusinessLogic"	markPosition="false">
	
		<MenuDefault cond="blkMobileNumCount EQ 0"
		             dest="blkMobileNumCount:1"
		             targetType="submenu" targetMode="DTMF" 
			         targetName="55000_EntrerMobileNumber"/>
			         
		<MenuDefault cond="blkMobileNumCount EQ 1"
		             dest="blkMobileNumCount:2"
		             targetType="submenu" targetMode="DTMF" 
			         targetName="55000_EntrerMobileNumber"/>
			         
	
		<MenuDefault cond="blkMobileNumCount EQ 2"
		             targetType="submenu" targetMode="DTMF" 
			         targetName="90000_CCEStart"/>
			         
	</SubMenu>
	   
	    
		            <!-- ############################ -->
		            <!-- ############################ -->
		            <!-- ############################ -->
	
       <SubMenu    name="55000_EnterMobileNumberConfirm" mode="DTMF"  clearDTMFBuffer="true" markPosition="false" > 

		   <Audio tts="The mobile number you have entered is ">
				       5168.wav
				       (blockedNumber:phone)
				       5041.wav
				       5042.wav
		   </Audio>
		   
		<Choice dtmf="1" targetType="submenu" targetMode="DTMF"
		        handler="com.selfserv.ivr.handler.PUK"
				targetName="55000_CheckPUKRc"/> 
				                                          	                               	
		<Choice dtmf="2" targetType="submenu" targetMode="DTMF" 
				targetName="55000_CheckMobileNumCount"/> 
				
		<!-- Added the catch of * # 9 and treat as NoMatch NoInput.  These options are not allowed here.  -->
		                                       	                               	
		<Choice dtmf="9" 
		        targetType="submenu" targetMode="DTMF"
		        dest="invIpt:true"
				targetName="55000_CheckMobileInvCount"/> 
				                                          	                               	
		<Choice dtmf="*" 
		        targetType="submenu" targetMode="DTMF"
		        dest="invIpt:true"
				targetName="55000_CheckMobileInvCount"/> 
				                                          	                               	
		<Choice dtmf="#" 
		        targetType="submenu" targetMode="DTMF"
		        dest="invIpt:true"
				targetName="55000_CheckMobileInvCount"/> 
				
          <NoInput count="1"  
                   targetType="submenu" targetMode="DTMF"
                   dest="invIpt:false"
                   targetName="55000_CheckMobileInvCount"> 
          </NoInput>
          
          <NoMatch count="1"  
                   targetType="submenu" targetMode="DTMF"
                   dest="invIpt:true" 
                   targetName="55000_CheckMobileInvCount"> 
          </NoMatch>
				
	   </SubMenu>
		            <!-- ############################ -->
	
	<SubMenu name="55000_CheckMobileInvCount" mode="DTMF" type="BusinessLogic"	markPosition="false">
	
		<MenuDefault cond="blkMobileInvCount EQ 0"
		             dest="blkMobileInvCount:1"
		             targetType="submenu" targetMode="DTMF" 
			         targetName="55000_CheckMobileInvCountAudio"/>
			         
	
		<MenuDefault cond="blkMobileInvCount EQ 1"
		             targetType="submenu" targetMode="DTMF" 
			         targetName="90000_MaxTrials"/>
			         
	</SubMenu>
		            <!-- ############################ -->
	<SubMenu name="55000_CheckMobileInvCountAudio" mode="DTMF" type="PromptPlay"	markPosition="false">
	
    	<Audio   cond="invIpt EQ true"
    	         tts="Sorry that was an invalid entry. Please try again">
                 5270.wav
    	</Audio>    
	
    	<Audio   cond="invIpt NE true"
    	         tts="Please provide an input">
                 5269.wav
    	</Audio>    
    	
 		<MenuDefault targetType="submenu" targetMode="DTMF"
			         targetName="55000_EnterMobileNumberConfirm"/>
			         
	</SubMenu>
	   
		            <!-- ############################ -->
		            <!-- ############################ -->
		            <!-- ############################ -->
		            
	<SubMenu name="55000_CheckPUKRc" mode="DTMF" type="BusinessLogic"	markPosition="false">
	
		<MenuDefault cond="DBRC EQ S"
		             targetType="submenu" targetMode="DTMF"
			         targetName="55000_PUKLookupResult"/>	

		<!-- ISSUE: Where to go if account not found -->
		<MenuDefault cond="DBRC EQ F_NF"
		             targetType="submenu" targetMode="DTMF"
			         targetName="55000_PUKLookupResult"/>
			         
		<!--  DataBase Link(s) are down -->
		<MenuDefault targetType="submenu" targetMode="DTMF" 
			         targetName="90000_IVRDBLINKDOWN"/>
			         
	</SubMenu>
  		
		            <!-- ############################ -->
		            <!-- ############################ -->
		            <!-- ############################ -->
		            
		            <!-- ############################ -->
		            <!-- ############################ -->
		            <!-- ############################ -->
	
       <SubMenu    name="55000_PUKLookupResult" mode="DTMF"   markPosition="false"> 

		   <Audio cond="DBRC NE S"
		          tts="Sorry, there are no PUK details for the mobile number">
				       5169.wav
				       (blockedNumber:phone)
		   </Audio>

		   <Audio cond="DBRC EQ S, customer.pukNumber EQ SPACECHAR"
		          tts="Sorry, there are no PUK details for the mobile number">
				       5169.wav
				       (blockedNumber:phone)
		   </Audio>

		   <Audio cond="DBRC EQ S, customer.pukNumber EQ NULL"
		          tts="Sorry, there are no PUK details for the mobile number">
				       5169.wav
				       (blockedNumber:phone)
		   </Audio>
		   
		   <Audio cond="DBRC EQ S, customer.pukNumber NE SPACECHAR, customer.pukNumber NE NULL"
		          tts="The PUK number for the mobile number
		               is">
				       5170.wav
				       (blockedNumber:phone)
				       5171.wav
				       (customer.pukNumber:digits)
		   </Audio>

		   <Audio tts="To talk to our CCE Press 9
		               To go back to the previous menu press # To go back to the main menu press *">
				       5132.wav
				       6000.wav
		   </Audio>
		   
		<Choice dtmf="9" targetType="submenu" targetMode="DTMF"
				targetName="90000_CCEStart"/> 
				                                          	                               	
	   </SubMenu>

</CallRouting>