<?xml version="1.0" encoding="UTF-8"?>
<CallRouting name="SelfServ" releaseVersion="0.0" fileVersion="0.0"
	         audioDir="SelfServ/$LANG" start="StartHere" startMode="DTMF"
	         cleanupHandler="com.selfserv.ivr.handler.CleanupHandler"
	         common="Common.xml,
	                 NonCustomerStart.xml,
	                 LandLineStart.xml,
	                 LLPostPaidBillingStart.xml,
	                 PrePaidStart.xml,
	                 PrePaidVASStart.xml,
	                 PostPaidStart.xml,
	                 PostPaidRoamingStart.xml,
	                 PostPaidVASStart.xml,
	                 PUKStart.xml,
	                 PostPaidBillingStart.xml,
	                 PostPaidBillingDupItm.xml,
	                 PostPaidBillingDetails.xml,
	                 PostPaidBillingItmBilProdFea.xml,
	                 PostPaidBillingPayByCC.xml,
	                 PostPaidBillingPayCtrs.xml,
	                 PostPaidBillingProdFea.xml,
	                 PostPaidBillingTarPlan.xml,
	                 PostPaidHotKey.xml"
	         xmlns="http://ibm.com/ivr/framework/model"
	         xmlns:xsi="http://www.w3.org/2001/XMLSchema-instance"
	         xsi:schemaLocation="http://ibm.com/ivr/framework/model IVRFramework.xsd">

	<IntroAudio
		tts="Hello, Welcome to Vodafone">
		5000-Main.wav
	</IntroAudio>
	
	<Operator></Operator>
	
	<Events></Events>
	
	<EventHandlers>
          <NoInput count="1" reprompt="true"
                      tts="Pleases provide an input">
                           5269.wav
         </NoInput>
         
          <NoInput count="2" reprompt="true"
                      tts="Pleases provide an input">
                           5269.wav
         </NoInput>

         <NoInput count="3" targetType="submenu" targetName="90000_CallEnd"
                  tts="Sorry, you have exceeded the maximum number of tries">
                       5043.wav
         </NoInput>
         
         <NoMatch count="1" reprompt="true"
                      tts="Sorry, that was an invliad entry.  Please try again">
                           5270.wav
         </NoMatch>
         
         <NoMatch count="2" reprompt="true"
                      tts="Sorry, that was an invliad entry.  Please try again">
                           5270.wav
         </NoMatch>

         <NoMatch count="3" targetType="submenu" targetName="90000_CallEnd"
                  tts="Sorry, you have exceeded the maximum number of trials">
                       5043.wav
         </NoMatch>
                 
    </EventHandlers> 

<!--           Numeric Section Assignments -->
<!-- 10000  Start of logic to determine if  Pre, Post, Prem, Special -->
<!-- 20000  PrePaid -->
<!-- 30000  PostPaid -->
<!-- 40000  PostPaid Billing -->
<!-- 50000  Start of logic Land Line -->
<!-- 51000  LandLinePrePaid Main flow -->
<!-- 52000  LandLinePostPaid Main Menu Start -->
<!-- 55000  Start of PUK Support -->
<!-- 70000  Start of Non Customer -->
<!-- 90000  Logic for Ending a call or Tech Difficulties, CCE Support, DB Links Down -->
    
		            <!-- ############################ -->
		            <!-- ############################ -->
		            <!-- ############################ -->

	<!-- Check the call type based on DNIS from WIN Can be Type A,B,C or D-->
	<!-- Set default VDN in the event the tran_type in customer class is not set -->
	<SubMenu name="StartHere" mode="DTMF" type="BusinessLogic"	markPosition="false"
	               set="mainMenuVar:StartHere;
	                    previousMenu:StartHere;
	                    complaintCall:false;	                    
	                    cssSessionExists:false;
	                    customer.tran_type:UNDEFINED;
	                    balCount:0;
	                    ifChoiceCount:0">
	
		<MenuDefault cond="circle.dnisType EQ TypeA"
		             targetType="submenu" targetMode="DTMF"
		             handler="com.selfserv.ivr.handler.CLI"
		             dest="cliCmd:aniExist;
		                   VDN:$circle.defVDNTypeA;
		                   ctiVDN:$circle.defVDNTypeA" 
			         targetName="CheckCliRc"/>	

		<MenuDefault cond="circle.dnisType EQ TypeB"
		             targetType="submenu" targetMode="DTMF" 
		             handler="com.selfserv.ivr.handler.CLI"
		             dest="cliCmd:aniExist;
		                   VDN:$circle.defVDNTypeB;
		                   ctiVDN:$circle.defVDNTypeB" 		             
			         targetName="CheckCliRc"/>
			         	
		<MenuDefault cond="circle.dnisType EQ TypeC"
		             targetType="submenu" targetMode="DTMF"
		             handler="com.selfserv.ivr.handler.CLI"
		             dest="cliCmd:aniExist;
		                   VDN:$circle.defVDNTypeC;
		                   ctiVDN:$circle.defVDNTypeC"		              
			         targetName="CheckCliRc"/>
			         	
		<MenuDefault cond="circle.dnisType EQ TypeD"
		             targetType="submenu" targetMode="DTMF" 
		             dest="VDN:$circle.defVDNTypeD;
		                   ctiVDN:$circle.defVDNTypeD"
			         targetName="70000_NonCustStart"/>	
		
		<MenuDefault targetType="submenu" targetMode="DTMF" 
			         targetName="90000_TechDiff"/>
	</SubMenu>
	    

		            <!-- ############################ -->
		            <!-- ############################ -->
		            <!-- ############################ -->
		            
	<!--  Check to see if a valid CLI was found.  Must be 10 digits in length.  10 digit CLI is  -->
	<!--  returned in session variable cliReturned -->	            
	<SubMenu name="CheckCliRc" mode="DTMF" type="BusinessLogic"	markPosition="false">
	
	    <!-- CLI is verified to be at least 10 digits long.  Last 10 digits returned in var cliReturned-->
		<MenuDefault cond="circle.hotKeyDNIS EQ $DNIS"
		             targetType="submenu" targetMode="DTMF"
			         targetName="41000_CheckCliRc"/>	

	    <!-- CLI is verified to be at least 10 digits long.  Last 10 digits returned in var cliReturned-->
		<MenuDefault cond="cliRc EQ cliOK"
		             targetType="submenu" targetMode="DTMF"
			         targetName="10000_CheckTypeABC"/>	
	
	    <!-- CLI was not provided or did not contain a minimum of 10 digits-->
		<MenuDefault cond="cliRc EQ cliNoCli"
		             targetType="submenu" targetMode="DTMF"
			         targetName="50000_LandLineStart"/>
			  
		<!-- Internal processing error -->
		<MenuDefault targetType="submenu" targetMode="DTMF" 
			         targetName="90000_TechDiff"/>
	</SubMenu>
 		
 		
		            <!-- ############################ -->
		            <!-- ############################ -->
		            <!-- ############################ -->
		            
	<SubMenu name="10000_CheckTypeABC" mode="DTMF" type="BusinessLogic"	markPosition="false">
	
		<MenuDefault cond="circle.dnisType EQ TypeA"
		             targetType="submenu" targetMode="DTMF"
		             handler="com.selfserv.ivr.handler.CustomerType"
		             dest="mobileNumber:$cliReturned" 
			         targetName="10000_CheckCTypeRc"/>	

		<MenuDefault cond="circle.dnisType EQ TypeB"
		             targetType="submenu" targetMode="DTMF" 
		             handler="com.selfserv.ivr.handler.CustomerType"
		             dest="mobileNumber:$cliReturned" 		             
			         targetName="10000_CheckCTypeRc"/>
			
	    <!-- ISSUE: Logic for TypeC Callers -->         	
		<MenuDefault cond="circle.dnisType EQ TypeC"
		             targetType="submenu" targetMode="DTMF"
		             dest="mobileNumber:$cliReturned"
		             handler="com.selfserv.ivr.handler.TableSeries"
			         targetName="10000_CheckSeriesRc"/>

		<!-- Internal processing error -->
		<MenuDefault targetType="submenu" targetMode="DTMF" 
			         targetName="90000_TechDiff"/>
	</SubMenu>
		            <!-- ############################ -->
		            <!-- ############################ -->
		            <!-- ############################ -->
		            
	<SubMenu name="10000_CheckSeriesRc" mode="DTMF" type="BusinessLogic"	markPosition="false">
	
	    <!-- Record found based on CLI -->
		<MenuDefault cond="DBRC EQ S"
		             targetType="submenu" targetMode="DTMF"
		             handler="com.selfserv.ivr.handler.CustomerType"
		             dest="mobileNumber:$cliReturned" 		             		             
			         targetName="10000_CheckCTypeRc"/>
			         			         	
	    <!-- No record found based on CLI -->
	    <!-- ISSUE:: Set LandLine Number for reporting .. -->
		<MenuDefault cond="DBRC EQ F_NF"
		             targetType="submenu" targetMode="DTMF"
			         targetName="50000_LandLineStart"/>	

		<!-- DataBase Link(s) are down -->
		<MenuDefault targetType="submenu" targetMode="DTMF" 
			         targetName="90000_IVRDBLINKDOWN"/>
	</SubMenu>
  		
		            <!-- ############################ -->
		            <!-- ############################ -->
		            <!-- ############################ -->
		            
	<SubMenu name="10000_CheckCTypeRc" mode="DTMF" type="BusinessLogic"	markPosition="false">
	
	    <!-- Record found based on CLI -->
		<MenuDefault cond="DBRC EQ S"
		             targetType="submenu" targetMode="DTMF"
			         targetName="10000_CheckCType"/>
			         	
	    <!-- No record found based on CLI -->
		<MenuDefault cond="DBRC EQ F_NF"
		             targetType="submenu" targetMode="DTMF"
			         targetName="10000_CheckCType"/>	

		<!-- DataBase Link(s) are down -->
		<MenuDefault targetType="submenu" targetMode="DTMF" 
			         targetName="90000_IVRDBLINKDOWN"/>
	</SubMenu>
  		
		            <!-- ############################ -->
		            <!-- ############################ -->
		            <!-- ############################ -->
		            
	<SubMenu name="10000_CheckCType" mode="DTMF" type="BusinessLogic"	markPosition="false"	>
	
	    <!-- ISSUE:  Verfiy logic flow of where each cType goes next-->
		<MenuDefault cond="customer.dbCType EQ PREPAID"
		             targetType="submenu" targetMode="DTMF"
			         targetName="20036_PrePaidMainMenuLanguage"/>	
			         
		<MenuDefault cond="customer.dbCType EQ POSTPAID"
		             targetType="submenu" targetMode="DTMF"
			         targetName="30006_PostPaidMainMenuLanguage"/>	

		<MenuDefault cond="customer.dbCType EQ SPECIAL"
		             targetType="submenu" targetMode="DTMF"
		             dest="customer.tran_type:SPECIAL_OPT_OUT"
			         targetName="90000_CCEStart"/>	

		<MenuDefault cond="customer.dbCType EQ PREMIUM"
		             targetType="submenu" targetMode="DTMF"
			         targetName="30005_Premium"/>	

		<!-- ISSUE: Where to go if no match-->
		<MenuDefault targetType="submenu" targetMode="DTMF" 
			         targetName="90000_TechDiff"/>
	</SubMenu>
 
 
 		            <!-- ############################ -->
		            <!-- ############################ -->
		            <!-- ############################ -->

	<!--  HOTKEY implementation -->
	<!-- Check to see if a valid CLI was found.  Must be 10 digits in length.  10 digit CLI is  -->
	<!--  returned in session variable cliReturned -->	            
	<SubMenu name="41000_CheckCliRc" mode="DTMF" type="BusinessLogic"	markPosition="false">

	    <!-- CLI is verified to be at least 10 digits long.  Last 10 digits returned in var cliReturned-->
		<MenuDefault cond="cliRc EQ cliOK"
		             targetType="submenu" targetMode="DTMF"
		             handler="com.selfserv.ivr.handler.CustomerType"
		             dest="mobileNumber:$cliReturned" 
			         targetName="41000_CheckCTypeRc"/>	

	    <!-- CLI was not provided or did not contain a minimum of 10 digits-->
		<MenuDefault cond="cliRc EQ cliNoCli"
		             targetType="submenu" targetMode="DTMF"
			         targetName="41000_TechDiff"/>

		<!-- Internal processing error -->
		<MenuDefault targetType="submenu" targetMode="DTMF" 
			         targetName="41000_TechDiff"/>
	</SubMenu>

  		
		            <!-- ############################ -->
		            <!-- ############################ -->
		            <!-- ############################ -->
		            
	<SubMenu name="41000_CheckCTypeRc" mode="DTMF" type="BusinessLogic"	markPosition="false">
	
	    <!-- Record found based on CLI -->
		<MenuDefault cond="DBRC EQ S"
		             targetType="submenu" targetMode="DTMF"
			         targetName="41000_PostPaidMainMenuLanguage"/>	

		<!-- DataBase Link(s) are down -->
		<MenuDefault targetType="submenu" targetMode="DTMF" 
			         targetName="41000_TechDiff"/>
	</SubMenu>
  		

		           	<!-- ############################ -->
		            <!-- ############################ -->
		            <!-- ############################ -->

	<SubMenu    name="41000_TechDiff" mode="DTMF"  type="PromptPlay" markPosition="false"> 
    	<Audio   tts="Sorry we are unable to process your request now">
                 5253.wav
    	</Audio>

 		<!-- End Call -->
		<MenuDefault targetType="submenu" targetMode="DTMF" 
			         targetName="41011_GoodBye"/>

	</SubMenu>


		           	<!-- ############################ -->
		            <!-- ############################ -->
		            <!-- ############################ -->

	<SubMenu    name="41011_GoodBye" mode="DTMF"  type="PromptPlay" markPosition="false" endCall="true"> 
    	<Audio   tts="Thank You for calling Vodafone Care">
                 5301.wav
    	</Audio>    

	</SubMenu>		
</CallRouting>